"","X","Beach.Name","House.no","income.main1","income.main2","income.main3","income.no.main","other.source.water","Other.sources.of.water","comment.sources.raw","wife.or.mother","children","husband.or.father","purchase.or.pay","avail.at.house","other","collection.no","boiling","chlorine","aeration","filter","types.no","water.concerns.raw","wash.clothes.in.lake","same.collection.spot","comments.site.collection.raw","adequate.for.daily.use","comments.concerns.water.raw","harvest.plants.lake","papyrus","orindi","water.hyacinth","osiri.1","togo","plant.collection.method","sell.plants"
"1",1,"Chuowe",9,"fisheries",NA,NA,1,"N","none","expensive",1,1,0,0,0,0,2,0,1,0,0,1,"there is no trust to lake water since there is cholera and typhoid outbreak.dirty water from rivers flow inside","N","N","I choose a clean spot","Y","there is no trust to lake water since there is cholera and typhoid outbreak.dirty water from rivers flow inside","Y",1,1,0,0,0,"boat","N"
"2",2,"Chuowe",6,"vendor","fisheries",NA,2,"N","none","lake water is nearer",1,0,0,0,0,0,1,1,1,0,0,2,"lake water is not clean since people throw dirt and wash in it","Y","N","look how current flows","Y","lake water is not clean since people throw dirt and wash in it","Y",0,1,0,0,0,"boat","N"
"3",3,"Chuowe",7,"fisheries",NA,NA,1,"Y","borehole","other sources are far",0,0,0,1,0,0,1,0,1,0,0,1,"lake water is very dirty since fish vendors and factories dispose wastes inside ","N","N","lake water is dirty since fish vendors and factories discard waste water there","Y","lake water is very dirty since fish vendors and factories dispose wastes inside ","Y",1,1,0,0,0,"boat","N"
"4",4,"Chuowe",8,"fisheries",NA,NA,1,"Y","tap","other sources are far",1,0,0,0,0,0,1,0,1,0,0,1,"for us to get clean water,we fetch water very early in the morning","Y","Y","none","Y","for us to get clean water,we fetch water very early in the morning","Y",1,1,0,0,0,"boat","N"
"5",5,"Chuowe",7,"fisheries",NA,NA,1,"Y","borehole","none",0,0,0,0,1,0,1,0,1,0,0,1,"I have no problem with the water I use..it is just okay","Y","N","not taking water from lake","Y","I have no problem with the water I use..it is just okay","Y",0,0,0,0,0,"","Y"
"6",6,"Chuowe",7,"fisheries",NA,NA,1,"N","none","hostile owners",1,1,0,0,0,0,2,1,1,0,0,2,"requesting clean water from the government since lake water is not clean","N","N","I choose a clean spot","Y","requesting clean water from the government since lake water is not clean","Y",0,1,0,0,0,"boat","N"
"7",7,"Chuowe",7,"fisheries",NA,NA,1,"Y","borehole","other sources are far",1,1,0,0,0,0,2,0,1,0,0,1,"requesting the government to dig more boreholes since lake water is dirty","N","N","government to dig more boreholes since lake water is dirty","Y","requesting the government to dig more boreholes since lake water is dirty","Y",0,0,0,0,0,"children","Y"
"8",8,"Chuowe",4,"vendor",NA,NA,1,"Y","borehole","other sources are far",0,1,0,0,0,0,1,0,0,0,0,0,"requesting for clean water nearby since the lake is very far","Y","unsure","my children o for water","Y","requesting for clean water nearby since the lake is very far","Y",0,1,0,0,0,"children","N"
"9",9,"Chuowe",9,"fisheries",NA,NA,1,"N","none","other sources are far",1,1,0,0,0,0,2,0,1,0,0,1,"lake water is dirty and should be treated.this is expensive","Y","N","I choose a clean spot","Y","lake water is dirty and should be treated.this is expensive","Y",0,1,0,0,0,"boat","N"
"10",10,"Chuowe",8,"fisheries",NA,NA,1,"N","none","other sources are far",1,0,0,0,0,0,1,0,1,0,0,1,"lake water is dirty and must be treated","Y","N","I choose a clean spot","Y","lake water is dirty and must be treated","Y",1,1,0,0,0,"boat","N"
"11",11,"Chuowe",4,"fisheries",NA,NA,1,"N","none","none",1,1,0,0,0,0,2,1,1,0,1,3,"none","N","Y","None","Y","none","N",0,0,0,0,0,"",""
"12",12,"Chuowe",5,"fisheries",NA,NA,1,"N","none","none",1,1,0,0,0,0,2,0,1,0,1,2,"it is not dirty because different animals die inside","Y","Y","None","Y","it is not dirty because different animals die inside","N",0,0,0,0,0,"",""
"13",13,"Chuowe",5,"fisheries",NA,NA,1,"N","none","none",1,1,0,0,0,0,2,0,1,0,1,2,"none","N","Y","None","Y","none","N",0,0,0,0,0,"",""
"14",14,"Chuowe",3,"fisheries",NA,NA,1,"N","none","none",0,1,0,0,0,0,1,0,1,0,1,2,"none","N","Y","None","Y","none","N",0,0,0,0,0,"",""
"15",15,"Chuowe",5,"fisheries",NA,NA,1,"N","none","none",1,0,0,0,0,0,1,0,1,0,1,2,"none","N","Y","None","Y","none","N",0,0,0,0,0,"",""
"16",16,"Chuowe",6,"fisheries",NA,NA,1,"Y","borehole","we wash using borehole water",1,0,0,0,0,0,1,0,1,0,1,2,"I think if I do not treat it I can get infected ","N","Y","None","Y","I think if I do not treat it I can get infected ","N",0,0,0,0,0,"",""
"17",17,"Chuowe",5,"fisheries",NA,NA,1,"Y","borehole","we wash using borehole water",0,1,0,0,0,0,1,0,1,0,0,1,"none","N","Y","None","Y","none","N",0,0,0,0,0,"",""
"18",18,"Chuowe",5,"fisheries",NA,NA,1,"N","none","none",0,1,0,0,0,0,1,1,0,1,0,2,"it should be boiled berfore drinking","N","Y","None","Y","it should be boiled berfore drinking","N",0,0,0,0,0,"",""
"19",19,"Chuowe",6,"fisheries",NA,NA,1,"N","none","none",1,1,0,0,0,0,2,0,1,0,0,1,"it is not good","Y","Y","None","Y","it is not good","N",0,0,0,0,0,"",""
"20",20,"Chuowe",3,"fisheries",NA,NA,1,"N","none","none",1,0,0,0,0,0,1,0,1,0,0,1,"none","N","Y","None","Y","none","N",0,0,0,0,0,"",""
"21",21,"Chuowe",7,"fisheries",NA,NA,1,"N","none","none",1,0,0,0,0,0,1,0,1,0,0,1,"I treat water and I have no worries","N","Y","None","N","I treat water and I have no worries","N",0,0,0,0,0,"",""
"22",22,"Chuowe",6,"fisheries",NA,NA,1,"N","none","none",0,1,0,0,0,0,1,0,1,0,0,1,"no.i treat my water","N","Y","None","Y","no.i treat my water","Y",0,0,1,0,0,"boat","N"
"23",23,"Chuowe",5,"fisheries",NA,NA,1,"N","none","none",1,1,0,0,0,0,2,0,1,0,1,2,"we use 'pur' when it is dirty","Y","Y","clear water is on this other side","Y","we use 'pur' when it is dirty","N",0,0,0,0,0,"",""
"24",24,"Chuowe",5,"fisheries",NA,NA,1,"N","none","none",1,1,0,0,0,0,2,0,1,0,1,2,"water is polluted","Y","Y","None","Y","water is polluted","N",0,0,0,0,0,"",""
"25",25,"Chuowe",8,"fisheries",NA,NA,1,"N","none","none",1,1,0,0,0,0,2,1,1,0,1,3,"it gets polluted on rainy seasons but also gets dirty during the dry spell","Y","Y","None","Y","it gets polluted on rainy seasons but also gets dirty during the dry spell","N",0,0,0,0,0,"",""
"26",26,"Chuowe",8,"fisheries","farm",NA,2,"Y","borehole","borehole water is saline",1,1,0,0,0,0,2,0,1,0,1,2,"not specified","N","Y","None","Y","not specified","N",0,0,0,0,0,"",""
"27",27,"Chuowe",6,"fisheries",NA,NA,1,"N","none","none",1,1,0,0,0,0,2,0,1,0,1,2,"it is red and polluted during rainy season unlike the dry season","Y","Y","None","Y","it is red and polluted during rainy season unlike the dry season","N",0,0,0,0,0,"",""
"28",28,"Chuowe",8,"fisheries",NA,NA,1,"N","none","none",1,1,0,0,0,0,2,0,1,0,1,2,"water gets dirty during rainy season","N","Y","None","Y","water gets dirty during rainy season","N",0,0,0,0,0,"",""
"29",29,"Chuowe",4,"fisheries",NA,NA,1,"Y","borehole","none",1,1,0,0,0,0,2,0,1,0,1,2,"no problem","Y","N","beach is dirty","Y","no problem","N",0,0,0,0,0,"",""
"30",30,"Chuowe",6,"fisheries",NA,NA,1,"N","none","none",1,1,0,0,0,0,2,0,1,0,1,2,"dirty when it rains","Y","Y","None","Y","dirty when it rains","N",0,0,0,0,0,"",""
"31",31,"Chuowe",4,"vendor","fisheries",NA,2,"N","none","none",1,1,0,0,0,0,2,0,1,0,1,2,"polluted but clean enough","N","Y","None","Y","polluted but clean enough","N",0,0,0,0,0,"",""
"32",32,"Chuowe",4,"business","fisheries",NA,2,"N","none","none",1,1,0,0,0,0,2,0,1,0,1,2,"water is dirty during rainy season.we ned piped water","Y","Y","None","Y","water is dirty during rainy season.we ned piped water","N",0,0,0,0,0,"",""
"33",33,"Chuowe",8,"business","fisheries",NA,2,"Y","borehole","other sources are far",1,0,0,0,0,0,1,1,1,0,0,2,"I use water that is treated.no worries","Y","N","I choose a clean spot","Y","I use water that is treated.no worries","Y",1,0,0,0,0,"boat","Y"
"34",34,"Chuowe",8,"fisheries",NA,NA,1,"N","none","none",0,1,0,0,0,0,1,0,1,0,0,1,"water is full of bacteria","Y","N","I choose a clean spot","Y","water is full of bacteria","Y",0,0,0,1,0,"boat","N"
"35",35,"Chuowe",5,"fisheries",NA,NA,1,"N","none","use river miriu's water",1,0,0,0,0,0,1,1,1,0,0,2,"none","N","Y","None","Y","none","Y",1,0,0,0,0,"boat","Y"
"36",36,"Chuowe",7,"business",NA,NA,1,"N","none","hostile owners",1,0,0,0,0,0,1,0,1,0,0,1,"we need help because this water can really get dirty at times","N","Y","None","Y","we need help because this water can really get dirty at times","N",0,0,0,0,0,"",""
"37",37,"Chuowe",6,"vendor","fisheries","farm",3,"Y","borehole","other sources are far",1,0,0,0,0,0,1,0,1,0,1,2,"this water can bring about diseases","N","N","I choose a clean spot","Y","this water can bring about diseases","N",0,0,0,0,0,"",""
"38",38,"Chuowe",7,"fisheries",NA,NA,1,"N","none","other sources are far",1,1,0,0,0,0,2,1,0,0,0,1,"nothing.but I must treat my water","Y","Y","fetch drinking water at a different spot","Y","nothing.but I must treat my water","Y",1,0,0,0,0,"boat","N"
"39",39,"Chuowe",5,"fisheries",NA,NA,1,"N","none","none",1,0,0,0,0,0,1,0,1,0,0,1,"it is good because it serves all our needs","Y","Y","None","Y","it is good because it serves all our needs","Y",0,1,0,1,0,"boat","N"
"40",40,"Chuowe",5,"fisheries",NA,NA,1,"Y","borehole","none",1,0,0,0,0,0,1,1,0,0,0,1,"if there is a way it can be treated and pumped into homesteads","N","Y","None","Y","if there is a way it can be treated and pumped into homesteads","N",0,0,0,0,0,"",""
"41",41,"Chuowe",10,"fisheries",NA,NA,1,"N","none","use river miriu's water",1,0,0,0,0,0,1,0,1,0,0,1,"at times it gets so dirty leaving us with no alternative","Y","Y","None","Y","at times it gets so dirty leaving us with no alternative","Y",0,1,0,0,0,"boat","N"
"42",42,"Chuowe",8,"vendor","fisheries",NA,2,"Y","borehole","none",0,1,0,0,0,0,1,0,1,0,0,1,"it has a lot of activities and therefore disturbes my mind too","Y","Y","None","Y","it has a lot of activities and therefore disturbes my mind too","N",0,0,0,0,0,"",""
"43",43,"Chuowe",4,"fisheries",NA,NA,1,"Y","none","other sources are far",1,0,0,0,0,0,1,0,1,0,0,1,"no any thought.it is okay","Y","Y","None","Y","no any thought.it is okay","N",0,0,0,0,0,"",""
"44",44,"Chuowe",3,"fisheries",NA,NA,1,"Y","borehole","no other source except rain",1,0,0,0,0,0,1,0,1,0,0,1,"dirty during rainy season","Y","Y","None","Y","dirty during rainy season","N",0,0,0,0,0,"",""
"45",45,"Chuowe",12,"fisheries",NA,NA,1,"Y","river","borehole water is difficult fetching",1,0,0,0,0,0,1,0,1,0,0,1,"I trust this water and it is good","N","Y","miriu is the only source","N","I trust this water and it is good","N",0,0,0,0,0,"",""
"46",46,"Chuowe",7,"fisheries",NA,NA,1,"N","none","no other source except rain",0,1,0,0,0,0,1,0,1,0,0,1,"the water is okay.i only treat it","Y","N","None","Y","the water is okay.i only treat it","N",0,0,0,0,0,"",""
"47",47,"Chuowe",7,"fisheries",NA,NA,1,"N","none","no other source except rain",1,0,0,0,0,0,1,0,1,0,0,1,"I trust the source of this water","Y","Y","None","Y","I trust the source of this water","N",0,0,0,0,0,"",""
"48",48,"Chuowe",6,"fisheries",NA,NA,1,"Y","lake water","dirt fall inside borehole water hence not safe",1,1,0,0,0,0,2,0,1,0,0,1,"during rainy season,river miriu carries things into the lake making it unsafe for consumption","N","Y","None","Y","during rainy season,river miriu carries things into the lake making it unsafe for consumption","N",0,0,0,0,0,"",""
"49",49,"Chuowe",7,"vendor",NA,NA,1,"Y","river","use river miriu's water",1,1,0,0,0,0,2,0,1,0,1,2,"I trust that it is good","Y","Y","None","Y","I trust that it is good","N",0,0,0,0,0,"",""
"50",50,"Chuowe",5,"fisheries",NA,NA,1,"Y","river","none",1,0,0,0,0,0,1,0,1,0,0,1,"I treat it and that is why am certain that it is okay","Y","Y","None","Y","I treat it and that is why am certain that it is okay","N",0,0,0,0,0,"",""
"51",51,"Nyamaruaka",5,"fisheries",NA,NA,1,"N","none","only lake water available",1,0,0,0,0,0,1,0,0,0,0,0,"water smells even after treatment and therefore not safe","Y","N","I choose a clean spot","Y","water smells even after treatment and therefore not safe","Y",1,0,0,0,0,"boat","Y"
"52",52,"Nyamaruaka",6,"fisheries",NA,NA,1,"Y","rain","other sources are far",0,1,0,0,0,0,1,0,1,0,0,1,"lake water is very dirty and is at risk of having contageous diseases","Y","N","I choose a clean spot","Y","lake water is very dirty and is at risk of having contageous diseases","Y",1,0,0,0,0,"boat","Y"
"53",53,"Nyamaruaka",8,"business",NA,NA,1,"N","none","other sources are far",0,1,0,0,0,0,1,0,0,0,0,0,"lake water is not clean due to blooms.fishermen who defeacate in the lake pollute water","N","N","I choose a clean spot","Y","lake water is not clean due to blooms.fishermen who defeacate in the lake pollute water","N",0,0,0,0,0,"",""
"54",54,"Nyamaruaka",1,"fisheries",NA,NA,1,"N","none","other sources are far",0,0,1,0,0,0,1,0,1,0,0,1,"Lake water is not safe since it is dirty","Y","Y","none","Y","Lake water is not safe since it is dirty","N",0,0,0,0,0,"",""
"55",55,"Nyamaruaka",1,"other",NA,NA,1,"N","none","no other source apart from lake and rain wter",0,0,1,0,0,0,1,0,0,0,0,0,"it is not safe and can cause diseases","N","N","I choose a clean spot","Y","it is not safe and can cause diseases","N",0,0,0,0,0,"",""
"56",56,"Nyamaruaka",3,"fisheries",NA,NA,1,"N","none","no other source apart from lake and rain wter",1,0,0,0,0,0,1,0,1,0,0,1,"noticed no effect","Y","Y","none","Y","noticed no effect","N",0,0,0,0,0,"",""
"57",57,"Nyamaruaka",5,"fisheries",NA,NA,1,"N","none","no other source apart from lake and rain wter",0,0,1,0,0,0,1,0,1,0,0,1,"water is still dirty even after filtration and would wish to get cleaner source of water","N","N","I choose a clean spot","Y","water is still dirty even after filtration and would wish to get cleaner source of water","Y",1,0,0,0,0,"boat","Y"
"58",58,"Nyamaruaka",1,"other",NA,NA,1,"N","none","other sources are far",1,0,0,0,0,0,1,0,1,0,0,1,"there is problem when blooms are available because it smells and makes water dirty","Y","N","I choose a clean spot","Y","there is problem when blooms are available because it smells and makes water dirty","Y",1,0,0,0,0,"by shore on foot","N"
"59",59,"Nyamaruaka",5,"fisheries",NA,NA,1,"N","none","no other source apart from lake and rain wter",1,0,0,0,0,0,1,0,1,0,0,1,"lake water must be treated","Y","Y","I choose a clean spot","Y","lake water must be treated","Y",1,0,0,0,0,"boat","Y"
"60",60,"Nyamaruaka",5,"business",NA,NA,1,"N","none","other sources are far",1,0,0,0,0,0,1,0,1,0,0,1,"can it be treated and piped inorder for people to get clean water?","Y","Y","I choose a clean spot","Y","can it be treated and piped inorder for people to get clean water?","N",0,0,0,0,0,"children collect","N"
"61",61,"Nyamaruaka",6,"vendor",NA,NA,1,"N","none","none",1,1,0,0,0,0,2,0,1,0,0,1,"it is dirty and there is nothing we can do about it","N","Y","I choose a clean spot","Y","it is dirty and there is nothing we can do about it","N",0,0,0,0,0,"",""
"62",62,"Nyamaruaka",2,"fisheries",NA,NA,1,"N","none","other sources are far",1,0,0,0,0,0,1,0,1,0,0,1,"no thoughts","N","Y","none","Y","no thoughts","N",0,0,0,0,0,"",""
"63",63,"Nyamaruaka",1,"fisheries",NA,NA,1,"N","none","other sources are far",0,0,1,0,0,0,1,0,1,0,1,2,"it is easy to get.it is clean after sieving","N","N","I choose a clean spot","Y","it is easy to get.it is clean after sieving","N",0,0,0,0,0,"",""
"64",64,"Nyamaruaka",7,"business",NA,NA,1,"N","none","lake water is nearer",1,0,0,0,0,0,1,0,1,0,0,1,"we should have another source of water","Y","N","I choose a clean spot","Y","we should have another source of water","N",0,0,0,0,0,"",""
"65",65,"Nyamaruaka",4,"farm",NA,NA,1,"Y","rain","other sources are far",0,1,0,0,0,0,1,1,1,0,0,2,"should be boiled before drinking","N","Y","I choose a clean spot","Y","should be boiled before drinking","N",0,0,0,0,0,"",""
"66",66,"Nyamaruaka",4,"business",NA,NA,1,"N","none","other sources are far",1,0,0,0,0,0,1,0,1,0,0,1,"I have to choose where I get my water from","N","Y","none","Y","I have to choose where I get my water from","Y",1,0,0,0,0,"wade in water","Y"
"67",67,"Nyamaruaka",7,"fisheries",NA,NA,1,"N","none","lake water is nearer",1,1,0,0,0,0,2,0,1,0,0,1,"not at the moment","Y","N","I choose a clean spot","Y","not at the moment","Y",1,0,0,0,0,"wade in water","Y"
"68",68,"Nyamaruaka",3,"fisheries",NA,NA,1,"N","none","other sources are far",1,1,0,0,0,0,2,0,1,0,1,2,"has germs causing ailments","Y","Y","I choose a clean spot","Y","has germs causing ailments","N",0,0,0,0,0,"",""
"69",69,"Nyamaruaka",5,"fisheries",NA,NA,1,"N","none","other sources are far",1,0,0,0,0,0,1,0,1,0,1,2,"should b treated before we fetch it","Y","Y","none","Y","should b treated before we fetch it","N",0,0,0,0,0,"",""
"70",70,"Nyamaruaka",5,"fisheries",NA,NA,1,"N","none","other sources are far",1,0,0,0,0,0,1,0,1,0,0,1,"not at the moment","N","Y","none","Y","not at the moment","N",0,0,0,0,0,"",""
"71",71,"Nyamaruaka",8,"fisheries",NA,NA,1,"N","none","none",1,1,0,0,0,0,2,0,1,0,1,2,"none","N","Y","none","Y","none","N",0,0,0,0,0,"",""
"72",72,"Nyamaruaka",5,"fisheries",NA,NA,1,"N","none","none",1,0,0,0,0,0,1,0,1,0,0,1,"blooms are my biggest worry","Y","Y","none","Y","blooms are my biggest worry","N",0,0,0,0,0,"",""
"73",73,"Nyamaruaka",3,"fisheries",NA,NA,1,"N","none","none",0,1,0,0,0,0,1,0,1,0,1,2,"this water is not good for consumption and I hence use aquaguard","Y","Y","none","Y","this water is not good for consumption and I hence use aquaguard","N",0,0,0,0,0,"",""
"74",74,"Nyamaruaka",2,"other",NA,NA,1,"N","none","none",1,0,0,0,0,0,1,1,1,0,0,2,"lake water is not clean","N","Y","none","Y","lake water is not clean","Y",1,0,0,0,0,"wade in water","Y"
"75",75,"Nyamaruaka",4,"vendor",NA,NA,1,"N","none","none",0,1,0,0,0,0,1,0,1,0,1,2,"lake water is not clean and am thinking of having my own borehole","Y","Y","none","Y","lake water is not clean and am thinking of having my own borehole","N",0,0,0,0,0,"",""
"76",76,"Nyamaruaka",5,"fisheries",NA,NA,1,"N","none","nn",1,0,0,0,0,0,1,0,1,0,1,2,"none","Y","Y","none","Y","none","N",0,0,0,0,0,"",""
"77",77,"Nyamaruaka",7,"vendor","fisheries",NA,2,"N","none","none",0,1,0,0,0,0,1,0,1,0,1,2,"none","N","Y","none","Y","none","N",0,0,0,0,0,"",""
"78",78,"Nyamaruaka",6,"fisheries",NA,NA,1,"N","none","none",1,0,0,0,0,0,1,0,1,0,1,2,"none","Y","Y","none","Y","none","N",0,0,0,0,0,"",""
"79",79,"Nyamaruaka",4,"fisheries",NA,NA,1,"N","none","none",1,1,0,0,0,0,2,0,1,0,0,1,"I question the quality of our water","N","Y","none","Y","I question the quality of our water","N",0,0,0,0,0,"",""
"80",80,"Nyamaruaka",3,"fisheries",NA,NA,1,"Y","tap","none",1,0,1,0,0,0,2,0,0,0,0,0,"it can affect me because of the greenish things floating on it","N","N","I choose a clean spot","Y","it can affect me because of the greenish things floating on it","N",0,0,0,0,0,"",""
"81",81,"Nyamaruaka",6,"fisheries",NA,NA,1,"N","none","other sources are far",1,1,0,0,0,0,2,0,1,0,0,1,"water is dirty and that is why I treat it","N","Y","none","Y","water is dirty and that is why I treat it","N",0,0,0,0,0,"",""
"82",82,"Nyamaruaka",3,"fisheries",NA,NA,1,"Y","rain","none",1,0,0,0,0,0,1,0,1,0,0,1,"none","Y","N","I choose a clean spot","Y","none","N",0,0,0,0,0,"",""
"83",83,"Nyamaruaka",3,"vendor","fisheries",NA,2,"Y","rain","other sources are far",1,0,0,0,0,0,1,0,1,0,0,1,"it is diirty","N","N","I choose a clean spot","Y","it is diirty","N",0,0,0,0,0,"",""
"84",84,"Nyamaruaka",6,"fisheries",NA,NA,1,"Y","rain","other sources are far",1,0,0,0,0,0,1,0,1,0,0,1,"can I acquire some disease due to the presence of blooms in water?","Y","N","I choose a clean spot","Y","can I acquire some disease due to the presence of blooms in water?","N",0,0,0,0,0,"",""
"85",85,"Nyamaruaka",2,"fisheries",NA,NA,1,"Y","rain","none",1,0,0,0,0,0,1,0,1,0,0,1,"it turns green during some seasons","N","Y","none","Y","it turns green during some seasons","N",0,0,0,0,0,"",""
"86",86,"Nyamaruaka",2,"fisheries",NA,NA,1,"N","none","lake water is nearer",1,0,0,0,0,0,1,0,1,0,0,1,"I can contract diseases triggered by blooms","Y","N","I choose a clean spot","Y","I can contract diseases triggered by blooms","Y",1,0,0,0,0,"wade in water","Y"
"87",87,"Nyamaruaka",6,"other",NA,NA,1,"N","none","other sources are far",0,1,0,0,0,0,1,0,1,0,0,1,"none","Y","N","none","Y","none","Y",1,0,0,0,0,"wade in water","Y"
"88",88,"Nyamaruaka",8,"fisheries",NA,NA,1,"Y","rain","none",0,0,1,0,0,0,1,1,1,0,0,2,"none","N","N","I choose a clean spot","Y","none","N",0,0,0,0,0,"",""
"89",89,"Nyamaruaka",6,"fisheries",NA,NA,1,"Y","rain","none",0,0,0,0,0,1,1,0,1,0,0,1,"smell persists even after water is treated","N","N","I choose a clean spot","Y","smell persists even after water is treated","N",0,0,0,0,0,"",""
"90",90,"Nyamaruaka",8,"other",NA,NA,1,"N","none","none",1,1,0,0,0,0,2,0,1,0,0,1,"treated","N","N","I choose a clean spot","Y","treated","N",0,0,0,0,0,"",""
"91",91,"Nyamaruaka",2,"other",NA,NA,1,"N","none","none",0,1,0,0,0,0,1,0,1,0,0,1,"waterguard should be prioritised while treating tap water","N","N","I choose a clean spot","Y","waterguard should be prioritised while treating tap water","N",0,0,0,0,0,"",""
"92",92,"Nyamaruaka",3,"fisheries",NA,NA,1,"N","none","none",1,1,0,0,0,0,2,0,1,0,0,1,"it is not good","Y","N","I choose a clean spot","Y","it is not good","N",0,0,0,0,0,"",""
"93",93,"Nyamaruaka",1,"other",NA,NA,1,"N","none","none",1,0,0,0,0,0,1,0,1,0,0,1,"none","N","N","none","Y","none","N",0,0,0,0,0,"",""
"94",94,"Nyamaruaka",5,"fisheries",NA,NA,1,"N","none","none",1,0,0,0,0,0,1,0,1,0,0,1,"water should be treated or borehole dug","Y","N","I choose a clean spot","Y","water should be treated or borehole dug","Y",1,0,0,0,0,"children","Y"
"95",95,"Nyamaruaka",2,"vendor",NA,NA,1,"N","none","none",1,0,0,0,0,0,1,0,1,0,0,1,"should be treated before use","Y","Y","none","Y","should be treated before use","N",0,0,0,0,0,"",""
"96",96,"Nyamaruaka",4,"fisheries",NA,NA,1,"N","none","none",1,0,0,0,0,0,1,0,1,0,0,1,"should be treated before use","Y","N","I choose a clean spot","Y","should be treated before use","N",0,0,0,0,0,"",""
"97",97,"Nyamaruaka",7,"fisheries",NA,NA,1,"N","none","none",1,1,0,0,0,0,2,0,1,0,0,1,"should be treated before use","Y","Y","none","Y","should be treated before use","N",0,0,0,0,0,"",""
"98",98,"Nyamaruaka",9,"fisheries",NA,NA,1,"N","none","none",1,0,0,0,0,0,1,0,0,0,1,1,"none","Y","Y","none","Y","none","N",0,0,0,0,0,"",""
"99",99,"Nyamaruaka",8,"fisheries",NA,NA,1,"N","none","none",1,0,0,0,0,0,1,0,1,0,0,1,"none","Y","Y","none","Y","none","Y",1,0,0,0,0,"boat","Y"
"100",100,"Nyamaruaka",5,"fisheries",NA,NA,1,"N","none","none",0,1,0,0,0,0,1,0,1,0,1,2,"none","N","Y","none","Y","none","N",0,0,0,0,0,"",""
"101",101,"Ogal",4,"fisheries",NA,NA,1,"Y","borehole","none",1,0,0,0,0,0,1,0,0,0,0,0,"I do not use lake water brcause of its many effects especially when making tea","Y","Y","none","Y","I do not use lake water brcause of its many effects especially when making tea","Y",0,0,0,0,0,"boat","N"
"102",102,"Ogal",2,"no job",NA,NA,1,"Y","borehole","distance",0,1,0,0,0,0,1,0,0,0,0,0,"government should dig more boreholes","Y","Y","none","Y","government should dig more boreholes","N",0,0,0,0,0,"",""
"103",103,"Ogal",5,"fisheries","farm",NA,2,"Y","borehole","water is available in my home",0,0,0,0,1,0,1,0,1,0,0,1,"I use clean water from borehole","Y","Y","none","Y","I use clean water from borehole","N",0,0,0,0,0,"",""
"104",104,"Ogal",3,"fisheries",NA,NA,1,"Y","borehole","none",1,0,0,0,0,0,1,0,1,0,0,1,"I do not have","N","Y","none","Y","I do not have","N",0,0,0,0,0,"",""
"105",105,"Ogal",8,"business","fisheries",NA,2,"N","none","distance",1,1,0,0,0,0,2,0,1,0,0,1,"we need another source of water because lake water has green things","Y","Y","I choose a clean spot","Y","we need another source of water because lake water has green things","N",0,0,0,0,0,"",""
"106",106,"Ogal",3,"fisheries",NA,NA,1,"Y","rain","borehole is nearby",1,0,0,0,0,0,1,0,1,0,0,1,"I should use clean water as recommended but am not","N","N","I choose a clean spot","Y","I should use clean water as recommended but am not","N",0,0,0,0,0,"",""
"107",107,"Ogal",2,"fisheries",NA,NA,1,"Y","borehole","none",0,1,0,0,0,0,1,0,0,0,0,0,"I think of someone who will fetch water for me when I am sick","Y","Y","I choose a clean spot","Y","I think of someone who will fetch water for me when I am sick","N",0,0,0,0,0,"",""
"108",108,"Ogal",7,"other",NA,NA,1,"Y","rain","distance",1,1,0,0,0,0,2,0,0,0,0,0,"lake water is not of good quality","Y","Y","none","Y","lake water is not of good quality","N",0,0,0,0,0,"",""
"109",109,"Ogal",6,"fisheries",NA,NA,1,"N","none","none",1,1,0,0,0,0,2,1,1,0,1,3,"when lake water is green,I get water from the tap","N","N","does not matter","Y","when lake water is green,I get water from the tap","N",0,0,0,0,0,"",""
"110",110,"Ogal",6,"fisheries",NA,NA,1,"N","none","lake is nearer",1,0,0,0,0,0,1,1,0,0,0,1,"none","N","Y","none","Y","none","N",0,0,0,0,0,"",""
"111",111,"Ogal",5,"vendor","fisheries",NA,2,"N","none","lake is nearer",0,1,0,0,0,0,1,0,1,0,0,1,"I need my own borehole because my daughters will get married some day","N","Y","none","Y","I need my own borehole because my daughters will get married some day","N",0,0,0,0,0,"",""
"112",112,"Ogal",6,"fisheries","other",NA,2,"Y","tap","borehole is nearby",1,1,0,0,0,0,2,0,0,0,0,0,"I get worried when lake water is dirty and turns green","Y","Y","none","Y","I get worried when lake water is dirty and turns green","N",0,0,0,0,0,"",""
"113",113,"Ogal",6,"fisheries",NA,NA,1,"Y","borehole","lake is nearer",1,1,0,0,0,0,2,0,1,0,0,1,"I fetch the water while it is very dirty","N","Y","none","N","I fetch the water while it is very dirty","N",0,0,0,0,0,"",""
"114",114,"Ogal",2,"vendor",NA,NA,1,"Y","rain","none",1,0,0,0,0,0,1,0,1,0,0,1,"none","N","Y","none","Y","none","N",0,0,0,0,0,"",""
"115",115,"Ogal",4,"farm",NA,NA,1,"Y","borehole","none",1,0,0,0,0,0,2,0,0,0,1,1,"I think I should sieve borehole water before use.i  completely dry utensils before use because I use lake water for cleaning","Y","N","none","Y","I think I should sieve borehole water before use.i  completely dry utensils before use because I use lake water for cleaning","N",0,0,0,0,0,"",""
"116",116,"Ogal",1,"fisheries",NA,NA,1,"Y","borehole","borehole is nearby",0,0,0,0,1,0,1,0,0,0,0,0,"none","Y","Y","fetch from my borehole","Y","none","N",0,0,0,0,0,"",""
"117",117,"Ogal",1,"no job",NA,NA,1,"Y","borehole","none",0,0,0,0,1,0,1,0,0,0,0,0,"none","Y","Y","none","Y","none","N",0,0,0,0,0,"",""
"118",118,"Ogal",6,"fisheries",NA,NA,1,"Y","tap","cleaner than lake water",1,1,0,0,0,0,2,0,0,0,0,0,"none","Y","Y","none","Y","none","N",0,0,0,0,0,"",""
"119",119,"Ogal",7,"fisheries",NA,NA,1,"Y","borehole","none",1,1,0,0,0,0,2,0,1,0,0,1,"quality of lake water is always not good","Y","Y","none","Y","quality of lake water is always not good","N",0,0,0,0,0,"",""
"120",120,"Ogal",6,"business",NA,NA,1,"Y","borehole","none",1,0,0,0,0,0,1,0,1,0,0,1,"none","Y","Y","none","Y","none","N",0,0,0,0,0,"",""
"121",121,"Ogal",5,"fisheries",NA,NA,1,"Y","borehole","none",0,0,0,0,1,0,1,0,0,0,0,0,"none","N","Y","none","Y","none","N",0,0,0,0,0,"",""
"122",122,"Ogal",6,"fisheries",NA,NA,1,"N","none","none",1,1,0,0,0,0,2,0,1,0,0,1,"none","N","Y","none","Y","none","N",0,0,0,0,0,"",""
"123",123,"Ogal",3,"other",NA,NA,1,"N","none","none",1,0,0,0,0,0,1,0,1,0,1,2,"none","Y","Y","none","Y","none","N",0,0,0,0,0,"",""
"124",124,"Ogal",4,"other",NA,NA,1,"N","none","none",1,0,0,0,0,0,1,1,0,0,0,1,"none","Y","Y","none","Y","none","N",0,0,0,0,0,"",""
"125",125,"Ogal",2,"professional",NA,NA,1,"Y","at school","cleaner than lake water",1,0,0,0,0,0,1,0,1,0,0,1,"none","Y","Y","none","Y","none","N",0,0,0,0,0,"",""
"126",126,"Ogal",8,"farm",NA,NA,1,"N","none","none",0,1,0,0,0,0,1,0,1,0,1,2,"water usually smell when blooms are present","Y","Y","none","Y","water usually smell when blooms are present","N",0,0,0,0,0,"",""
"127",127,"Ogal",4,"fisheries",NA,NA,1,"N","none","none",1,0,0,0,0,0,1,0,1,0,1,2,"I think the water is not clean because when current move,it smells and bring about blooms","Y","Y","none","Y","I think the water is not clean because when current move,it smells and bring about blooms","Y",0,0,0,0,0,"wade in water","N"
"128",128,"Ogal",4,"fisheries",NA,NA,1,"N","none","none",1,0,0,0,0,0,1,0,1,0,1,2,"sometimes colour changes and water smells","Y","N","none","Y","sometimes colour changes and water smells","N",0,0,0,0,0,"",""
"129",129,"Ogal",3,"professional","farm",NA,2,"N","none","none",0,0,0,1,0,0,1,0,0,0,0,0,"has smell,has blooms and therefore not safe","N","N","I choose a clean spot","Y","has smell,has blooms and therefore not safe","N",0,0,0,0,0,"",""
"130",130,"Ogal",6,"vendor",NA,NA,1,"Y","rain","none",1,1,0,0,0,0,2,1,1,0,0,2,"none","N","Y","none","Y","none","N",0,0,0,0,0,"",""
"131",131,"Ogal",4,"business",NA,NA,1,"N","none","none",0,0,0,0,0,1,1,0,1,0,0,1,"tea has bad odour after cooking with lake water","N","N","none","Y","tea has bad odour after cooking with lake water","N",0,0,0,0,0,"",""
"132",132,"Ogal",7,"vendor","fisheries",NA,2,"Y","rain","none",1,0,0,0,0,0,1,0,1,0,0,1,"can cause diseases if not treated","N","Y","none","Y","can cause diseases if not treated","N",0,0,0,0,0,"",""
"133",133,"Ogal",3,"farm",NA,NA,1,"Y","rain","none",1,0,0,0,0,0,1,1,1,0,1,3,"people say this water is dirty","N","Y","none","Y","people say this water is dirty","N",0,0,0,0,0,"",""
"134",134,"Ogal",3,"fisheries",NA,NA,1,"Y","rain","none",1,0,0,0,0,0,1,0,1,0,0,1,"it is bad because people bath there","N","Y","none","Y","it is bad because people bath there","N",0,0,0,0,0,"",""
"135",135,"Ogal",3,"fisheries",NA,NA,1,"N","none","none",1,1,0,0,0,0,2,0,1,0,0,1,"it brings about typhoid","N","Y","none","Y","it brings about typhoid","N",0,0,0,0,0,"",""
"136",136,"Ogal",7,"fisheries",NA,NA,1,"Y","borehole","none",1,1,0,0,0,0,2,0,0,0,1,1,"it is greenish and brings about diseases","N","Y","none","Y","it is greenish and brings about diseases","N",0,0,0,0,0,"",""
"137",137,"Ogal",2,"farm",NA,NA,1,"Y","borehole","none",0,1,0,0,0,0,1,1,0,0,0,1,"no idea","Y","Y","none","Y","no idea","N",0,0,0,0,0,"",""
"138",138,"Ogal",11,"farm",NA,NA,1,"Y","borehole","none",1,1,0,0,0,0,2,0,1,0,1,2,"not sure if it is safe.risk of diarrhoea and bilharzia","N","Y","none","Y","not sure if it is safe.risk of diarrhoea and bilharzia","N",0,0,0,0,0,"",""
"139",139,"Ogal",5,"business",NA,NA,1,"N","none","lake is nearer",0,0,1,0,0,0,1,0,1,0,0,1,"blooms and hyacinth are too much","Y","N","I choose a clean spot","Y","blooms and hyacinth are too much","N",0,0,0,0,0,"",""
"140",140,"Ogal",5,"fisheries","farm",NA,2,"Y","borehole","enough water",0,0,1,0,0,0,1,0,1,0,0,1,"government should offer clean water or treat lake water","Y","N","I choose a clean spot","Y","government should offer clean water or treat lake water","N",0,0,0,0,0,"children","Y"
"141",141,"Ogal",7,"business",NA,NA,1,"N","none","none",1,1,0,0,0,0,2,0,1,0,0,1,"if there could have been sufficient water that is already treatd,it can be fine","Y","Y","I choose a clean spot","Y","if there could have been sufficient water that is already treatd,it can be fine","N",0,0,0,0,0,"children","N"
"142",142,"Ogal",5,"vendor",NA,NA,1,"Y","rain","none",0,1,0,0,0,0,1,0,1,0,0,1,"if water is not treated,it brings about diarrhoea","Y","N","I choose a clean spot","Y","if water is not treated,it brings about diarrhoea","N",0,0,0,0,0,"children","N"
"143",143,"Ogal",4,"other",NA,NA,1,"Y","borehole","distance",0,0,1,0,0,0,1,0,1,0,0,1,"water is okay for use after treatment","N","N","I choose a clean spot","Y","water is okay for use after treatment","",0,0,0,0,0,"",""
"144",144,"Ogal",3,"other",NA,NA,1,"N","none","expensive",1,0,0,0,0,0,1,0,1,0,0,1,"lake water must be treated before use","N","N","none","Y","lake water must be treated before use","N",0,0,0,0,0,"",""
"145",145,"Ogal",5,"business",NA,NA,1,"Y","borehole","none",1,1,0,0,0,0,2,0,0,0,0,0,"if any case pump water breaks down,there is usually abig problem","Y","Y","I choose a clean spot","Y","if any case pump water breaks down,there is usually abig problem","N",0,0,0,0,0,"children","N"
"146",146,"Ogal",4,"fisheries",NA,NA,1,"Y","rain","other sources are far",0,0,1,0,0,0,1,0,1,0,0,1,"no problem with water","Y","Y","none","Y","no problem with water","N",0,0,0,0,0,"children","Y"
"147",147,"Ogal",6,"other",NA,NA,1,"Y","rain","enough water",0,0,1,0,0,0,1,0,1,0,0,1,"there is a lot of dirt in lake water","Y","N","I choose a clean spot","Y","there is a lot of dirt in lake water","N",0,0,0,0,0,"children","N"
"148",148,"Ogal",4,"fisheries",NA,NA,1,"Y","borehole","other sources are far",0,1,0,0,0,0,1,0,0,0,0,0,"if possible,waterguard should be provided for free","N","N","I choose a clean spot","Y","if possible,waterguard should be provided for free","N",0,0,0,0,0,"children","Y"
"149",149,"Ogal",1,"no job",NA,NA,1,"Y","borehole","cannot walk",0,1,0,0,0,0,1,1,0,0,0,1,"water I am using is very clean","N","Y","I use tap water","Y","water I am using is very clean","N",0,0,0,0,0,"",""
"150",150,"Ogal",12,"professional","business",NA,2,"Y","borehole","other sources are far",1,1,0,0,0,1,3,0,1,0,0,1," if at all there is power problem,we are forced to use lake water that is not clean for cooking and drinking.it is not clean even after treatment","N","Y","I use tap water in my home","Y"," if at all there is power problem,we are forced to use lake water that is not clean for cooking and drinking.it is not clean even after treatment","Y",0,0,1,0,0,"by shore on foot","Y"
"151",151,"Rare",7,"fisheries",NA,NA,1,"Y","borehole","Other sources not safe",1,0,0,0,0,0,1,0,1,0,0,1,"No","Y","N","By sight where water looks clean","Y","No","N",0,0,0,0,0,"",""
"152",152,"Rare",4,"fisheries",NA,NA,1,"Y","borehole","Clarity and distance",0,1,0,0,0,0,1,0,1,0,0,1,"No","Y","Y","None","Y","No","N",0,0,0,0,0,"",""
"153",153,"Rare",3,"fisheries",NA,NA,1,"N","none","None",1,0,0,0,0,0,1,0,1,0,0,1,"No","Y","Y","None","Y","No","N",0,0,0,0,0,"",""
"154",154,"Rare",3,"vendor",NA,NA,1,"Y","fish pond","Sometimes pond water is clean",1,0,0,0,0,0,1,0,1,0,0,1,"No","Y","Y","None","Y","No","N",0,0,0,0,0,"",""
"155",155,"Rare",7,"fisheries",NA,NA,1,"Y","borehole","It's clean water",1,0,0,0,0,0,1,0,1,0,0,1,"The water is so dirty","N","Y","None","Y","The water is so dirty","N",0,0,0,0,0,"",""
"156",156,"Rare",3,"vendor",NA,NA,1,"N","none","None",1,0,0,0,0,0,1,1,0,0,0,1,"Lake water can cause stomach ache","N","Y","None","Y","Lake water can cause stomach ache","N",0,0,0,0,0,"",""
"157",157,"Rare",7,"fisheries",NA,NA,1,"Y","borehole","It's clean water",1,0,0,0,0,0,1,0,1,0,0,1,"The water is so dirty","Y","Y","None","Y","The water is so dirty","Y",0,0,0,0,1,"wade in water","Y"
"158",158,"Rare",5,"vendor",NA,NA,1,"N","none","None",1,0,0,0,0,0,1,0,1,0,0,1,"The water is so dirty","Y","Y","None","Y","The water is so dirty","N",0,0,0,0,0,"",""
"159",159,"Rare",6,"fisheries",NA,NA,1,"Y","borehole","Clean and consumable",1,0,0,0,0,0,1,0,1,0,0,1,"The water is so dirty","N","Y","None","Y","The water is so dirty","N",0,0,0,0,0,"",""
"160",160,"Rare",6,"fisheries",NA,NA,1,"N","none","None",0,1,0,0,0,0,1,0,1,0,0,1,"No","Y","Y","None","Y","No","N",0,0,0,0,0,"",""
"161",161,"Rare",3,"fisheries",NA,NA,1,"N","none","None",1,0,0,0,0,0,1,0,1,0,0,1,"The water scares with things it carries in it","Y","Y","None","Y","The water scares with things it carries in it","N",0,0,0,0,0,"",""
"162",162,"Rare",6,"fisheries",NA,NA,1,"N","none","None",1,0,0,0,0,0,1,0,1,0,0,1,"Lake is not clean","N","Y","None","Y","Lake is not clean","N",0,0,0,0,0,"",""
"163",163,"Rare",10,"fisheries",NA,NA,1,"N","none","None",0,1,0,0,0,0,1,0,1,0,0,1,"Yes but there is no other source","Y","N","None","Y","Yes but there is no other source","N",0,0,0,0,0,"",""
"164",164,"Rare",4,"fisheries",NA,NA,1,"Y","tap","None",0,1,0,0,0,0,1,0,0,0,0,0,"Trust the water is ok","Y","N","where there is no hyacinth","Y","Trust the water is ok","N",0,0,0,0,0,"",""
"165",165,"Rare",6,"fisheries",NA,NA,1,"Y","tap","None",1,0,0,0,0,0,1,0,1,0,0,1,"Lake is not clean","Y","Y","None","Y","Lake is not clean","N",0,0,0,0,0,"",""
"166",166,"Rare",5,"fisheries",NA,NA,1,"N","none","Tap water",1,0,0,0,0,0,1,0,1,0,0,1,"Lake is not clean","Y","N","None","Y","Lake is not clean","Y",0,0,0,0,1,"children","N"
"167",167,"Rare",5,"fisheries",NA,NA,1,"N","none","None",1,0,0,0,0,0,1,1,1,0,0,2,"Lake water is dirty","Y","Y","Select where the water is clean","Y","Lake water is dirty","Y",0,0,0,0,1,"children","N"
"168",168,"Rare",8,"fisheries",NA,NA,1,"N","none","None",0,1,0,0,0,0,1,0,1,0,0,1,"No idea","Y","Y","None","Y","No idea","y",0,0,0,0,1,"children","Y"
"169",169,"Rare",3,"fisheries",NA,NA,1,"Y","","Tap water",1,0,0,0,0,0,1,0,1,0,0,1,"Lake water is dirty","N","Y","None","Y","Lake water is dirty","N",0,0,0,0,0,"",""
"170",170,"Rare",1,"other",NA,NA,1,"Y","tap","Lake water is dirty",0,0,0,1,0,0,1,0,1,0,0,1,"The water is clean","N","Y","None","Y","The water is clean","Y",0,0,0,0,1,"by shore on foot","N"
"171",171,"Rare",8,"fisheries",NA,NA,1,"N","none","None",0,1,0,0,0,0,1,1,0,0,1,2,"Water quality is bad","Y","N","None","Y","Water quality is bad","Y",0,0,0,0,1,"by shore on foot","For making mats"
"172",172,"Rare",4,"fisheries",NA,NA,1,"N","none","None",1,0,0,0,0,0,1,0,1,0,0,1,"The water is clean","Y","N","None","Y","The water is clean","N",0,0,0,0,0,"",""
"173",173,"Rare",9,"fisheries",NA,NA,1,"N","none","None",1,1,0,0,0,0,2,0,1,0,0,1,"Water has algal bloom","Y","Y","None","Y","Water has algal bloom","N",0,0,0,0,0,"",""
"174",174,"Rare",6,"fisheries",NA,NA,1,"N","none","None",1,1,0,0,0,0,2,0,1,0,0,1,"Lake water is dirty","Y","Y","None","Y","Lake water is dirty","N",0,0,0,0,0,"",""
"175",175,"Rare",8,"fisheries",NA,NA,1,"N","none","None",1,1,0,0,0,0,2,1,0,0,0,1,"Water is dirty","N","N","Avoid muddy places and where blooms occure","Y","Water is dirty","Y",0,0,0,0,1,"wade in water","For making mats"
"176",176,"Rare",2,"fisheries",NA,NA,1,"N","none","Tap water",1,0,0,0,0,0,1,0,0,0,1,1,"Water is not of good quality","N","Y","Loking for clean water","Y","Water is not of good quality","N",0,0,0,0,0,"",""
"177",177,"Rare",7,"fisheries",NA,NA,1,"Y","","Tap water",1,0,0,0,0,0,1,0,1,0,0,1,"No","Y","Y","None","Y","No","N",0,0,0,0,0,"",""
"178",178,"Rare",3,"business",NA,NA,1,"N","none","None",1,0,0,0,0,0,1,0,1,0,0,1,"Afraid of crocodiles","Y","Y","None","Y","Afraid of crocodiles","N",0,0,0,0,0,"",""
"179",179,"Rare",6,"fisheries",NA,NA,1,"N","none","Distance",1,1,0,0,0,0,2,0,1,0,0,1,"Water quality is bad","Y","Y","None","Y","Water quality is bad","N",0,0,0,0,0,"",""
"180",180,"Rare",4,"fisheries",NA,NA,1,"Y","rain","Salty and distance",1,1,0,0,0,0,2,0,1,0,0,1,"water quality is bad","Y","Y","None","Y","water quality is bad","N",0,0,0,0,0,"",""
"181",181,"Rare",4,"fisheries",NA,NA,1,"N","none","From tap water",1,0,0,0,0,0,1,0,1,0,0,1,"It is dirty I have to treat it","N","N","Loking for clean water","Y","It is dirty I have to treat it","N",0,0,0,0,0,"",""
"182",182,"Rare",3,"fisheries",NA,NA,1,"N","none","Distance",1,0,0,0,0,0,1,0,1,0,0,1,"It has germs that cause diseases","N","Y","Loking for clean water","Y","It has germs that cause diseases","N",0,0,0,0,0,"",""
"183",183,"Rare",6,"business",NA,NA,1,"Y","tap","None",1,0,0,0,0,0,1,0,1,0,0,1,"Water is dirty","Y","Y","None","Y","Water is dirty","N",0,0,0,0,0,"",""
"184",184,"Rare",4,"fisheries",NA,NA,1,"N","none","None",1,0,0,0,0,0,1,0,1,0,0,1,"I have to boil it for safety","Y","Y","None","Y","I have to boil it for safety","N",0,0,0,0,0,"",""
"185",185,"Rare",7,"fisheries",NA,NA,1,"N","none","None",1,1,0,0,0,0,2,0,1,0,0,1,"sometimes it is dirty","Y","Y","None","N","sometimes it is dirty","y",0,0,0,0,1,"by shore on foot","Y"
"186",186,"Rare",5,"business",NA,NA,1,"Y","tap","None",1,0,0,0,0,0,1,0,1,0,0,1,"No","Y","Y","None","Y","No","N",0,0,0,0,0,"",""
"187",187,"Rare",6,"fisheries",NA,NA,1,"N","none","Distance",0,0,0,1,0,0,1,0,1,0,0,1,"The water is not good for drinking","Y","Y","None","Y","The water is not good for drinking","N",0,0,0,0,0,"",""
"188",188,"Rare",3,"business",NA,NA,1,"Y","tap","Distance",1,0,0,0,0,0,1,0,1,0,0,1,"The water is very dirty","N","Y","None","Y","The water is very dirty","N",0,0,0,0,0,"",""
"189",189,"Rare",5,"vendor",NA,NA,1,"N","none","None",1,1,0,0,0,0,2,0,1,0,0,1,"I treat it to avoid diseases","Y","Y","None","Y","I treat it to avoid diseases","Y",0,0,0,0,1,"boat",""
"190",190,"Rare",5,"farm",NA,NA,1,"N","none","Lack of money to buy from other sources",1,1,0,0,0,0,2,0,1,0,0,1,"No idea","Y","Y","None","Y","No idea","N",0,0,0,0,0,"",""
"191",191,"Rare",7,"fisheries","other",NA,2,"Y","tap","None",1,1,0,0,0,0,2,0,1,0,0,1,"Lake water is dirty","N","Y","Fetch at one specific place","Y","Lake water is dirty","N",0,0,0,0,0,"",""
"192",192,"Rare",6,"fisheries",NA,NA,1,"Y","tap","None",1,1,0,0,0,0,2,0,1,0,0,1,"Lake water is good","Y","Y","None","Y","Lake water is good","N",0,0,0,0,0,"",""
"193",193,"Rare",4,"vendor",NA,NA,1,"Y","tap","Distance",0,0,0,1,0,0,1,0,1,0,0,1,"The water is dirty","Y","Y","Fetch at one specific place","Y","The water is dirty","N",0,0,0,0,0,"",""
"194",194,"Rare",3,"fisheries","other",NA,2,"Y","tap","None",1,0,0,0,0,0,1,0,1,0,0,1,"People die in the water and there is a lot of waste","Y","Y","Fetch at one specific place","Y","People die in the water and there is a lot of waste","Y",0,0,0,0,1,"boat","Y"
"195",195,"Rare",5,"fisheries",NA,NA,1,"Y","tap","None",1,1,0,0,0,0,2,0,1,0,0,1,"How I can treat the water to be safe for consumption","Y","Y","None","Y","How I can treat the water to be safe for consumption","N",0,0,0,0,0,"",""
"196",196,"Rare",5,"fisheries",NA,NA,1,"N","none","None",1,0,0,0,0,0,1,0,1,0,0,1,"How to make wter clen","N","Y","None","Y","How to make wter clen","N",0,0,0,0,0,"",""
"197",197,"Rare",8,"vendor",NA,NA,1,"Y","rain","None",1,1,0,0,0,0,2,0,1,0,0,1,"No","N","Y","Fetch at one specific place","Y","No","Y",0,0,0,0,1,"boat","N"
"198",198,"Rare",6,"vendor",NA,NA,1,"Y","tap","None",1,1,0,0,0,0,2,0,1,0,0,1,"How I can make wter clean","N","N","Clean spot","Y","How I can make wter clean","N",0,0,0,0,0,"",""
"199",199,"Rare",6,"fisheries",NA,NA,1,"Y","tap","None",1,0,0,0,0,0,1,0,1,0,0,1,"Lake wter can infect peopl","Y","Y","None","Y","Lake wter can infect peopl","N",0,0,0,0,0,"",""
"200",200,"Rare",5,"other",NA,NA,1,"Y","borehole","None",1,1,0,0,0,0,2,0,1,0,0,1,"There is crocodile at the beach","Y","Y","None","Y","There is crocodile at the beach","N",0,0,0,0,0,"",""
"201",201,"Asat",3,"fisheries",NA,NA,1,"N","none","None",0,0,1,0,0,0,1,0,1,0,0,1,"Sometimes the water quality is poor","N","Y","None","N","Sometimes the water quality is poor","N",0,0,0,0,0,"",""
"202",202,"Asat",2,"fisheries",NA,NA,1,"N","none","None",1,0,0,0,0,0,1,0,0,0,1,1,"Water is contaminated","N","Y","None","N","Water is contaminated","N",0,0,0,0,0,"",""
"203",203,"Asat",6,"fisheries",NA,NA,1,"Y","rain","None",1,0,1,0,0,0,2,0,1,0,0,1,"Course irritation in the skin","N","Y","None","Y","Course irritation in the skin","N",0,0,0,0,0,"",""
"204",204,"Asat",4,"fisheries",NA,NA,1,"N","none","None",0,1,0,0,0,0,1,0,1,0,0,1,"Lake water is dirty and smelling","Y","N","None","Y","Lake water is dirty and smelling","N",0,0,0,0,0,"",""
"205",205,"Asat",6,"fisheries",NA,NA,1,"N","none","None",0,0,0,1,0,0,1,0,1,0,0,1,"Lake water is dirty ","Y","Y","None","Y","Lake water is dirty ","N",0,0,0,0,0,"",""
"206",206,"Asat",7,"fisheries",NA,NA,1,"N","none","None",0,1,0,0,0,0,1,0,1,0,0,1,"Blooms have dirtify the water","Y","Y","A place where there is clean water","Y","Blooms have dirtify the water","N",0,0,0,0,0,"",""
"207",207,"Asat",3,"fisheries",NA,NA,1,"Y","","None",1,0,0,0,0,0,1,0,1,0,0,1,"Water is dirty","N","Y","None","Y","Water is dirty","N",0,0,0,0,0,"",""
"208",208,"Asat",7,"fisheries",NA,NA,1,"Y","borehole","They are far away",1,1,0,0,0,0,2,0,1,0,0,1,"Water has germs if not treated","Y","N","A place where there is clean water","Y","Water has germs if not treated","Y",0,0,0,0,0,"boat","Y"
"209",209,"Asat",5,"fisheries",NA,NA,1,"Y","borehole","None",1,0,0,0,0,0,1,0,1,0,0,1,"Lake watere iis sometimes very dirty","Y","N","A place where there is clean water","Y","Lake watere iis sometimes very dirty","N",0,0,0,0,0,"",""
"210",210,"Asat",4,"fisheries",NA,NA,1,"Y","borehole","None",0,1,0,0,0,0,1,0,1,0,0,1,"Lake water is dirty and smelling","N","N","A place where there is clean water","Y","Lake water is dirty and smelling","N",0,0,0,0,0,"",""
"211",211,"Asat",9,"fisheries",NA,NA,1,"N","none","Lake water is good but salty",0,0,1,0,0,0,1,0,1,0,0,1,"Blooms is a challenge","Y","N","A place where there is clean water","N","Blooms is a challenge","N",0,0,0,0,0,"",""
"212",212,"Asat",12,"fisheries",NA,NA,1,"Y","borehole","Borehole is better than the Lake water",0,1,0,0,0,0,1,0,0,0,1,1,"Water becomes dirty sometimes","Y","Y","None","N","Water becomes dirty sometimes","N",0,0,0,0,0,"",""
"213",213,"Asat",4,"fisheries",NA,NA,1,"Y","borehole","Borehole quality is better than Lake",1,0,0,0,0,0,1,0,1,0,0,1,"No concern","Y","Y","None","N","No concern","N",0,0,0,0,0,"",""
"214",214,"Asat",3,"fisheries",NA,NA,1,"Y","borehole","Lake water smells",1,0,0,0,0,0,1,0,0,0,1,1,"Water quality is not good","N","Y","None","N","Water quality is not good","N",0,0,0,0,0,"",""
"215",215,"Asat",1,"fisheries",NA,NA,1,"Y","borehole","Borehole quality is better than Lake",1,0,0,0,0,0,1,0,0,0,1,1,"Water not clean and safe","Y","Y","None","N","Water not clean and safe","N",0,0,0,0,0,"",""
"216",216,"Asat",3,"fisheries",NA,NA,1,"N","none","None",1,1,0,0,0,0,2,0,1,0,0,1,"Water is not clean","Y","Y","None","N","Water is not clean","N",0,0,0,0,0,"",""
"217",217,"Asat",4,"fisheries",NA,NA,1,"Y","borehole","Borehole water is cleaner than the Lake",1,0,0,0,0,0,1,0,0,0,1,1,"No concern","Y","Y","None","N","No concern","N",0,0,0,0,0,"",""
"218",218,"Asat",4,"fisheries",NA,NA,1,"N","none","None",1,0,0,0,0,0,1,0,1,0,0,1,"Have lots of blooms and it's dirty","N","Y","None","Y","Have lots of blooms and it's dirty","N",0,0,0,0,0,"",""
"219",219,"Asat",3,"fisheries",NA,NA,1,"Y","borehole","None",1,1,0,0,0,0,2,0,1,0,0,1,"Blooms is a challenge","N","N","A place where there is clean water","Y","Blooms is a challenge","N",0,0,0,0,0,"",""
"220",220,"Asat",2,"farm",NA,NA,1,"N","none","None",1,0,0,0,0,0,1,0,1,0,0,1,"The water is dirty that I have to sieve it","N","Y","None","Y","The water is dirty that I have to sieve it","N",0,0,0,0,0,"",""
"221",221,"Asat",6,"fisheries",NA,NA,1,"Y","rain","None",1,1,0,0,0,0,2,0,1,0,0,1,"No concern","N","Y","A place where there is clean water","N","No concern","N",0,0,0,0,0,"",""
"222",222,"Asat",6,"fisheries",NA,NA,1,"N","none","None",1,1,0,0,0,0,2,0,1,0,0,1,"No concern","Y","N","A place where there is clean water","Y","No concern","N",0,0,0,0,0,"",""
"223",223,"Asat",9,"fisheries",NA,NA,1,"Y","borehole","None",1,0,0,0,0,0,1,0,1,0,0,1,"No concern","N","N","Depend on where the water is clean","Y","No concern","N",0,0,0,0,0,"",""
"224",224,"Asat",7,"fisheries",NA,NA,1,"Y","rain","None",1,0,0,0,0,0,1,0,1,0,0,1,"No concern","Y","N","Depend on where the water is clean","N","No concern","N",0,0,0,0,0,"",""
"225",225,"Asat",7,"other",NA,NA,1,"Y","borehole","It is sold while Lake water is free",0,0,1,0,0,0,1,0,1,0,0,1,"No concern","N","N","Depend on where the water is clean","Y","No concern","N",0,0,0,0,0,"",""
"226",226,"Asat",8,"fisheries",NA,NA,1,"Y","borehole","Its far compared to the lake",1,0,0,0,0,0,1,0,1,0,0,1,"No concern","N","Y","None","Y","No concern","N",0,0,0,0,0,"",""
"227",227,"Asat",5,"vendor","fisheries",NA,2,"Y","borehole","Sometimes pump water do not work",1,0,0,0,0,0,1,0,1,0,0,1,"Lack of nearby source of water especially for drinking","N","N","Depend on where the water is clean","Y","Lack of nearby source of water especially for drinking","N",0,0,0,0,0,"",""
"228",228,"Asat",3,"professional",NA,NA,1,"Y","borehole","None",1,0,0,0,0,0,1,0,1,0,0,1,"No concern","Y","Y","None","Y","No concern","N",0,0,0,0,0,"",""
"229",229,"Asat",4,"fisheries",NA,NA,1,"Y","borehole","None",1,0,0,0,0,0,1,1,0,0,0,1,"Must treat water to avoid diseases","N","N","None","Y","Must treat water to avoid diseases","N",0,0,0,0,0,"",""
"230",230,"Asat",5,"fisheries",NA,NA,1,"Y","borehole","None",1,1,0,0,0,0,2,1,0,0,0,1,"Causes stomach ailment","N","Y","None","Y","Causes stomach ailment","N",0,0,0,0,0,"",""
"231",231,"Asat",6,"fisheries",NA,NA,1,"Y","borehole","None",1,0,0,0,0,0,1,0,1,0,0,1,"Need borehole","N","N","None","Y","Need borehole","N",0,0,0,0,0,"",""
"232",232,"Asat",6,"fisheries",NA,NA,1,"Y","borehole","None",1,0,0,0,0,0,1,0,1,0,0,1,"Need borehole","N","N","A place where there is no water hyacinth","Y","Need borehole","N",0,0,0,0,0,"",""
"233",233,"Asat",3,"fisheries",NA,NA,1,"Y","borehole","None",1,0,0,0,0,0,1,0,0,0,1,1,"It is dirty","N","N","Clean spot","Y","It is dirty","N",0,0,0,0,0,"",""
"234",234,"Asat",2,"fisheries",NA,NA,1,"N","none","None",1,0,0,0,0,0,1,0,1,0,0,1,"No concern","N","Y","None","Y","No concern","N",0,0,0,0,0,"",""
"235",235,"Asat",3,"fisheries",NA,NA,1,"Y","borehole","None",1,0,0,0,0,0,1,0,1,0,0,1,"The water is dirty and smells","N","N","A place where there is no water hyacinth","Y","The water is dirty and smells","N",0,0,0,0,0,"",""
"236",236,"Asat",4,"fisheries",NA,NA,1,"N","none","None",1,0,0,0,0,0,1,0,1,0,0,1,"No concern","N","N","None","Y","No concern","N",0,0,0,0,0,"",""
"237",237,"Asat",10,"fisheries",NA,NA,1,"Y","borehole","None",1,1,0,0,0,0,2,0,0,0,1,1,"Water is dirty","N","Y","None","Y","Water is dirty","N",0,0,0,0,0,"",""
"238",238,"Asat",9,"fisheries",NA,NA,1,"Y","borehole","None",1,1,0,0,0,0,2,0,1,0,0,1,"No concern","N","Y","None","Y","No concern","N",0,0,0,0,0,"",""
"239",239,"Asat",6,"fisheries",NA,NA,1,"N","none","None",1,0,0,0,0,0,1,1,0,0,0,1,"Water must be kept clean","N","N","Clean spot","Y","Water must be kept clean","N",0,0,0,0,0,"",""
"240",240,"Asat",9,"fisheries",NA,NA,1,"N","none","None",1,0,0,0,0,0,1,0,1,0,0,1,"Water is dirty","N","Y","None","N","Water is dirty","N",0,0,0,0,0,"",""
"241",241,"Asat",9,"fisheries",NA,NA,1,"Y","borehole","Borehole is the nearest",1,0,0,0,0,0,1,0,1,0,0,1,"Lake water is dirty","N","Y","None","Y","Lake water is dirty","N",0,0,0,0,0,"",""
"242",242,"Asat",6,"fisheries",NA,NA,1,"Y","borehole","The distance is far ",1,1,0,0,0,0,2,0,1,0,0,1,"Lake water is dirty","N","Y","Clean spot","Y","Lake water is dirty","N",0,0,0,0,0,"",""
"243",243,"Asat",6,"fisheries",NA,NA,1,"Y","borehole","None",1,1,0,0,0,0,2,0,1,0,0,1,"The water is not clean","N","Y","Clean spot","Y","The water is not clean","N",0,0,0,0,0,"",""
"244",244,"Asat",8,"fisheries",NA,NA,1,"N","none","None",1,0,0,0,0,0,1,0,1,0,0,1,"The water is dirty","N","Y","None","N","The water is dirty","N",0,0,0,0,0,"",""
"245",245,"Asat",11,"fisheries",NA,NA,1,"Y","borehole","None",1,1,0,0,0,0,2,0,1,0,0,1,"Lake water is dirty","N","Y","None","Y","Lake water is dirty","N",0,0,0,0,0,"",""
"246",246,"Asat",6,"fisheries",NA,NA,1,"Y","borehole","Distance from the Lake water is far",0,1,0,0,0,0,1,0,0,0,1,1,"Lake water is not perfectly clean","N","Y","None","Y","Lake water is not perfectly clean","N",0,0,0,0,0,"",""
"247",247,"Asat",7,"fisheries",NA,NA,1,"Y","borehole","None",1,1,0,0,0,0,2,0,1,0,0,1,"The water is dirty","N","N","Clean spot","Y","The water is dirty","N",0,0,0,0,0,"",""
"248",248,"Asat",6,"fisheries",NA,NA,1,"Y","borehole","None",0,1,0,0,0,0,1,0,0,0,1,1,"The water is dirty","N","N","Clean spot","N","The water is dirty","N",0,0,0,0,0,"",""
"249",249,"Rakwaro",8,"farm",NA,NA,1,"N","none","N/A",1,1,0,0,0,0,2,0,1,0,0,1,"No the water is safe","Y","Y","Use borehole at home","Y","No the water is safe","Y",0,0,0,0,0,"children","N"
"250",250,"Rakwaro",7,"fisheries",NA,NA,1,"N","none","Far from home",0,1,0,0,0,0,1,0,1,0,0,1,"The water is not clean and fear for diseases","N","Y","Use borehole at home","Y","The water is not clean and fear for diseases","Y",0,1,0,0,0,"children","N"
"251",251,"Rakwaro",5,"fisheries",NA,NA,1,"N","none","Use pond water",0,1,0,0,0,0,1,0,1,0,0,1,"Requesting for provision of clean water","Y","Y","Use water from ponds","N","Requesting for provision of clean water","N",0,0,0,0,0,"",""
"252",252,"Rakwaro",4,"fisheries",NA,NA,1,"N","none","Do not use water from the Lake",1,0,0,0,0,0,1,0,1,0,0,1,"Has no idea or problem concerning water","Y","Y","N/A","Y","Has no idea or problem concerning water","Y",0,1,0,0,0,"by shore on foot","Y"
"253",253,"Rakwaro",5,"fisheries",NA,NA,1,"N","none","Use borehole water",1,0,0,0,0,0,1,0,1,0,0,1,"Worried about the increase of water hyacinth","Y","N","Avoiding places where there is water hyacinth","Y","Worried about the increase of water hyacinth","Y",0,1,0,0,1,"by shore on foot","N"
"254",254,"Rakwaro",6,"fisheries",NA,NA,1,"Y","borehole","Other sources are far from home",1,0,0,0,0,0,1,0,1,0,0,1,"The source is far away from home hence difficult to get","N","N","Serching for clean places where there is no water hyacinth","N","The source is far away from home hence difficult to get","N",0,0,0,0,0,"",""
"255",255,"Rakwaro",8,"fisheries",NA,NA,1,"Y","borehole","Far from home",1,0,0,0,0,0,1,0,1,0,0,1,"Lake water is not clean because of cyanobacteria blooms and water hyacinth","N","N","Looking for where water is clean without blooms and water hyacinth","Y","Lake water is not clean because of cyanobacteria blooms and water hyacinth","Y",0,1,0,0,0,"children","N"
"256",256,"Rakwaro",4,"fisheries",NA,NA,1,"N","none","N/A",1,0,0,0,0,0,1,0,1,0,0,1,"Lake water is dirty with a lot of germs and not safe for use.","Y","N","Serching for clean places where there is no water hyacinth","Y","Lake water is dirty with a lot of germs and not safe for use.","Y",0,1,0,0,0,"children","N"
"257",257,"Rakwaro",4,"fisheries",NA,NA,1,"Y","borehole","Other sources are far from home",1,0,0,0,0,0,1,0,1,0,0,1,"Lake water is very dirty, must be treated before use","N","N","Serching for a clean place without water hyacinth","Y","Lake water is very dirty, must be treated before use","N",0,0,0,0,0,"",""
"258",258,"Rakwaro",4,"fisheries",NA,NA,1,"Y","borehole","Do not use water from the Lake",1,0,0,0,0,0,1,0,1,0,0,1,"The water is good ","Y","N","Serching for where there is no water hyacinth","Y","The water is good ","N",0,0,0,0,0,"",""
"259",259,"Rakwaro",5,"fisheries",NA,NA,1,"Y","borehole","It is hilly",1,1,0,0,0,0,2,0,1,0,0,1,"It is dirty but useful","N","N","Where there is no water hyacinth","Y","It is dirty but useful","Y",0,1,0,0,0,"children","N"
"260",260,"Rakwaro",5,"fisheries",NA,NA,1,"Y","borehole","Have his own bore hole",1,1,0,0,0,0,2,0,0,0,0,0,"The Lake water is not clean that is why I prefer to dug borehole","N","Y","N/A","Y","The Lake water is not clean that is why I prefer to dug borehole","N",0,0,0,0,0,"",""
"261",261,"Rakwaro",2,"fisheries",NA,NA,1,"Y","borehole","Has her own bore hole water",1,0,0,0,0,0,1,0,1,0,0,1,"Lake water is killing us","N","Y","N/A","Y","Lake water is killing us","N",0,0,0,0,0,"",""
"262",262,"Rakwaro",7,"fisheries",NA,NA,1,"Y","borehole","Do fetch water from other sources",1,1,0,0,0,0,2,0,1,0,0,1,"It is really dirty","Y","Y","N/A","Y","It is really dirty","Y",0,0,0,0,0,"children","N"
"263",263,"Rakwaro",7,"fisheries",NA,NA,1,"Y","borehole","Far from home",1,1,1,0,0,0,3,1,0,0,1,2,"Water from the Lake is dirty and smelling","N","N","Drinking water is from borehole and washings are from the Lake","Y","Water from the Lake is dirty and smelling","N",0,0,0,0,0,"",""
"264",264,"Rakwaro",8,"fisheries",NA,NA,1,"N","none","Distance is far",1,0,0,0,0,0,1,0,1,0,1,2,"The water is dirty and smelly","Y","Y","It is the only place that is nearer","Y","The water is dirty and smelly","N",0,0,0,0,0,"",""
"265",265,"Rakwaro",7,"fisheries",NA,NA,1,"Y","borehole","Looking at the distance",0,1,0,0,0,0,1,1,1,0,1,3,"The water is dirty","N","Y","N/A","Y","The water is dirty","N",0,0,0,0,0,"",""
"266",266,"Rakwaro",8,"fisheries","farm",NA,2,"Y","borehole","Distance and they also ask for money",1,1,0,0,0,0,2,0,1,0,1,2,"It is dirty and smelling","Y","N","Where there is  no water hyacinth","Y","It is dirty and smelling","N",0,0,0,0,0,"",""
"267",267,"Rakwaro",6,"fisheries",NA,NA,1,"N","none","N/A",1,1,0,0,0,0,2,0,1,0,0,1,"No","N","N","N/A","Y","No","N",0,0,0,0,0,"",""
"268",268,"Rakwaro",3,"fisheries",NA,NA,1,"Y","borehole","The distance is far",1,0,0,0,0,0,1,0,1,0,0,1,"The water is dirty so I go early in the morning when it is clean","Y","Y","N/A","Y","The water is dirty so I go early in the morning when it is clean","Y",0,0,0,0,1,"boat","N"
"269",269,"Rakwaro",6,"fisheries",NA,NA,1,"Y","borehole","No access to Lake",0,0,1,0,0,0,1,0,1,0,1,2,"Borehole water get dirty during rainy season","Y","Y","Use borehole at home","Y","Borehole water get dirty during rainy season","N",0,0,0,0,0,"",""
"270",270,"Rakwaro",5,"fisheries",NA,NA,1,"Y","river","The Lake is far",1,0,0,0,0,0,1,0,1,0,1,2,"Use borehole as an alternative if the River is dirty","N","Y","Where the water is clean","N","Use borehole as an alternative if the River is dirty","N",0,0,0,0,0,"",""
"271",271,"Rakwaro",5,"fisheries",NA,NA,1,"Y","borehole","Access to the Lake is difficult",1,0,0,0,0,0,1,0,1,0,1,2,"The borehole water get dry","N","Y","Use borehole at home","Y","The borehole water get dry","N",0,0,0,0,0,"",""
"272",272,"Rakwaro",5,"fisheries",NA,NA,1,"Y","borehole","N/A",1,0,0,0,0,0,1,0,1,0,1,2,"The water is dirty","Y","Y","Use borehole at home","Y","The water is dirty","N",0,0,0,0,0,"",""
"273",273,"Rakwaro",5,"fisheries",NA,NA,1,"Y","borehole, lake water","Lake water is blocked by water hyacinth",1,1,0,0,0,0,2,0,1,0,1,2,"Can only be used early in the morning before it gets dirty; water used for other things not treated","N","Y","Go early in the morning while the water is still dirty","Y","Can only be used early in the morning before it gets dirty","Y",0,1,0,0,0,"boat","N"
"274",274,"Rakwaro",5,"fisheries",NA,NA,1,"Y","borehole","N/A",0,1,0,0,0,0,1,0,1,0,1,2,"Lake not accesible","N","Y","Use borehole at home","Y","Lake not accesible","N",0,0,0,0,0,"",""
"275",275,"Rakwaro",10,"fisheries",NA,NA,1,"Y","borehole","Lack of access to Lake water and the water is dirty",1,0,0,0,0,0,1,0,1,0,0,1,"Borehole water is always available; water used for other  things not treated","N","Y","Use borehole at home","Y","Borehole water is always available","Y",0,0,0,0,1,"by shore on foot","N"
"276",276,"Rakwaro",3,"vendor",NA,NA,1,"Y","borehole","N/A",1,0,0,0,0,0,1,0,1,0,0,1,"No cannot tell","N","N","Use different boreholes by looking at which one has clean water","Y","No cannot tell","N",0,0,0,0,0,"",""
"277",277,"Rakwaro",8,"fisheries",NA,NA,1,"Y","borehole","N/A",1,1,0,0,0,0,2,0,1,0,0,1,"The borehole water is dirty sometimes","N","N","Looking for clean water","Y","The borehole water is dirty sometimes","N",0,0,0,0,0,"",""
"278",278,"Rakwaro",9,"fisheries",NA,NA,1,"Y","borehole","N/A",0,1,0,0,0,0,1,0,1,0,0,1,"","N","N","","","","",0,0,0,0,0,"",""
"279",279,"Rakwaro",6,"fisheries",NA,NA,1,"Y","borehole","N/A",1,0,0,0,0,0,1,0,1,0,0,1,"It contain some germs","N","Y","Use borehole water","N","It contain some germs","Y",0,0,0,0,1,"by shore on foot","Y"
"280",280,"Rakwaro",8,"fisheries",NA,NA,1,"Y","borehole","N/A",1,0,0,0,0,0,1,0,1,0,0,1,"It is dirty and rhat is why I treat it with waterguard before drinking","N","Y","Use same borehole","Y","It is dirty and rhat is why I treat it with waterguard before drinking","Y",0,0,0,0,0,"by shore on foot","N"
"281",281,"Rakwaro",4,"fisheries",NA,NA,1,"Y","borehole","Borehole",1,1,0,0,0,0,2,0,1,0,0,1,"Borehole contain hard water and very expensive","N","Y","Looking for borehole with clean water","N","Borehole contain hard water and very expensive","N",0,0,0,0,0,"",""
"282",282,"Rakwaro",7,"fisheries",NA,NA,1,"Y","borehole","N/A",1,1,0,0,0,0,2,0,1,0,0,1,"Children may take water which is not treated","N","Y","Near clean borehole","N","Children may take water which is not treated","N",0,0,0,0,0,"",""
"283",283,"Rakwaro",4,"fisheries",NA,NA,1,"Y","borehole","Use borehole water",1,0,0,0,0,0,1,0,1,0,0,1,"Generally feels that it is not clean","N","Y","Use borehole water ","Y","Generally feels that it is not clean","N",0,0,0,0,0,"",""
"284",284,"Rakwaro",11,"fisheries",NA,NA,1,"Y","borehole","N/A",0,1,0,0,0,0,1,0,1,0,0,1,"None","N","Y","Use borehole water","Y","None","N",0,0,0,0,0,"",""
"285",285,"Rakwaro",4,"fisheries",NA,NA,1,"Y","borehole","N/A",1,0,0,0,0,0,1,0,0,0,0,0,"None","N","Y","Use borehole water","Y","None","N",0,0,0,0,0,"",""
"286",286,"Rakwaro",7,"fisheries",NA,NA,1,"Y","borehole","N/A",1,1,0,0,0,0,2,0,1,0,0,1,"Feels that the water is not that clean","N","Y","Use borehole only","Y","Feels that the water is not that clean","N",0,0,0,0,0,"",""
"287",287,"Rakwaro",3,"vendor",NA,NA,1,"Y","borehole","Difficulty on access to Lake water",1,1,0,0,0,0,2,0,1,0,0,1,"It is not really clean","N","Y","Use borehole only","Y","It is not really clean","N",0,0,0,0,0,"",""
"288",288,"Rakwaro",4,"fisheries",NA,NA,1,"Y","borehole","N/A",0,0,1,0,0,0,1,0,1,0,0,1,"The water is not clean","N","Y","Use borehole only","Y","The water is not clean","N",0,0,0,0,0,"",""
"289",289,"Rakwaro",6,"vendor",NA,NA,1,"Y","borehole","High population fetching the same borehole",0,1,0,0,0,0,1,0,0,0,1,1,"Borehole drying up during drought","N","N","Avoid where there are so many people","Y","Borehole drying up during drought","N",0,0,0,0,0,"",""
"290",290,"Rakwaro",2,"business",NA,NA,1,"Y","borehole, lake water","Borehole water is salty",1,0,0,0,0,0,1,0,1,0,0,1,"My worry is how can the bacteria in water be killed","Y","N","Looking at where the water is clean","Y","My worry is how can the bacteria in water be killed","N",0,0,0,0,0,"",""
"291",291,"Rakwaro",7,"fisheries",NA,NA,1,"Y","borehole","Borehole",0,1,0,0,0,0,1,0,1,0,0,1,"Borehole water is dirty","N","Y","Has her own borehole","Y","Borehole water is dirty","N",0,0,0,0,0,"",""
"292",292,"Rakwaro",6,"fisheries",NA,NA,1,"Y","borehole","Boreholes sometimes dry up and are forced to go for other boreholes far",1,0,0,0,0,0,1,0,1,0,0,1,"The water may be contaminated through dead animals","Y","N","When one borehole dries up we go to the next","N","The water may be contaminated through dead animals","N",0,0,0,0,0,"",""
"293",293,"Rakwaro",6,"fisheries",NA,NA,1,"Y","borehole, lake water","Alternate borehole when the Lake water is dirty",0,0,1,0,0,0,1,0,1,0,0,1,"Worried about dirty things that are passed in the Lake water","N","N","Looks at where there is no water hyacnth","Y","Worried about dirty things that are passed in the Lake water","Y",0,1,0,0,0,"boat","N"
"294",294,"Rakwaro",7,"fisheries",NA,NA,1,"Y","borehole","Has her own bore hole water",0,1,0,0,0,0,1,0,1,0,0,1,"Has no consern because uses her own water","N","Y","Use her own borehole","Y","Has no consern because uses her own water","Y",0,1,0,0,0,"by shore on foot","N"
"295",295,"Rakwaro",7,"fisheries",NA,NA,1,"Y","borehole","Use borehole water",0,1,0,0,0,0,1,0,0,0,0,0,"The water is dirty","N","Y","Looks at where there is no water hyacinth when using Lake water","Y","The water is dirty","N",0,0,0,0,0,"",""
"296",296,"Rakwaro",4,"fisheries",NA,NA,1,"Y","borehole","Use borehole water",0,1,0,0,0,0,1,0,1,0,0,1,"No concern, trust the water is clean but sometimes not sufficient","Y","Y","Use the same borehole water","Y","No consern, trust the water is clean","N",0,0,0,0,0,"",""
"297",297,"Rakwaro",6,"fisheries",NA,NA,1,"Y","borehole","Other sources are far from home",0,1,0,0,0,0,1,0,1,0,0,1,"No, the  water is clean","N","Y","Use borehole water","N","No, the  water is clean","N",0,0,0,0,0,"",""
"298",298,"Rakwaro",3,"fisheries",NA,NA,1,"Y","borehole","None",1,0,0,0,0,0,1,0,1,0,0,1,"No consern.","N","Y","Use borehole water","Y","No consern.","N",0,0,0,0,0,"",""
"299",299,"Obaria",7,"vendor",NA,NA,1,"Y","borehole","N/A",1,0,0,0,0,0,1,0,1,0,0,1,"The water smell bad","Y","N","Through observing","Y","The water smell bad","Y",0,0,0,0,1,"by shore on foot","Y"
"300",300,"Obaria",5,"fisheries",NA,NA,1,"Y","borehole","N/A",1,1,0,0,0,0,2,0,0,0,1,1,"No other concern","N","Y","N/A","Y","No other concern","N",0,0,0,0,0,"",""
"301",301,"Obaria",4,"vendor",NA,NA,1,"Y","rain, river, borehole","N/A",1,1,0,0,0,0,2,0,1,0,1,2,"Use water guard to make is safe","Y","Y","Looking for sundy place and no mud","Y","Use water guard to make is safe","N",0,0,0,0,0,"",""
"302",302,"Obaria",3,"vendor",NA,NA,1,"Y","borehole, lake water","N/A",1,0,0,0,0,0,1,0,1,0,1,2,"Water is smelling","Y","N","Where there is no water hyacinth","Y","Water is smelling","N",0,0,0,0,0,"",""
"303",303,"Obaria",4,"fisheries",NA,NA,1,"Y","borehole","N/A",1,0,0,0,0,0,1,0,1,0,1,2,"The Lake water is not clean","N","N","Where the water is clear","Y","The Lake water is not clean","N",0,0,0,0,0,"",""
"304",304,"Obaria",8,"fisheries",NA,NA,1,"Y","borehole","N/A",1,1,0,0,0,0,2,0,1,0,1,2,"The Lake water is not clean","Y","Y","Depending on where the water is clean","Y","The Lake water is not clean","N",0,0,0,0,0,"",""
"305",305,"Obaria",5,"fisheries",NA,NA,1,"Y","borehole","Use borehole water only",1,0,0,0,0,0,1,0,1,0,1,2,"The water is clean","Y","N","N/A","Y","The water is clean","N",0,0,0,0,0,"",""
"306",306,"Obaria",3,"vendor",NA,NA,1,"Y","borehole","Lake water is dirty",1,1,0,0,0,0,2,0,1,0,1,2,"Borehole water is sufficient","Y","Y","N/A","Y","Borehole water is sufficient","N",0,0,0,0,0,"",""
"307",307,"Obaria",6,"vendor",NA,NA,1,"Y","rain","Lake water bring diseases",1,0,0,0,0,0,1,0,1,0,1,2,"The water is dirty that is why we treat it","Y","N","Lake water for washing and rain for drinking","Y","The water is dirty that is why we treat it","Y",0,1,0,0,0,"by shore on foot","N"
"308",308,"Obaria",5,"vendor",NA,NA,1,"Y","tap","Tapped water for drinking",1,1,0,0,0,0,2,0,1,0,0,1,"Lake water is prone to diseases","N","Y","Looking for a clean place where there isclean water","Y","Lake water is prone to diseases","N",0,0,0,0,0,"",""
"309",309,"Obaria",7,"vendor",NA,NA,1,"Y","borehole","Other sources are far",1,1,0,0,0,0,2,0,1,0,0,1,"Sometimes the Lake water is dirty","Y","Y","N/A","N","Sometimes the Lake water is dirty","N",0,0,0,0,0,"",""
"310",310,"Obaria",14,"fisheries",NA,NA,1,"Y","rain","Other sources are far",0,0,1,0,0,0,1,0,0,0,0,0,"Lake water is dirty","Y","Y","N/A","Y","Lake water is dirty","N",0,0,0,0,0,"",""
"311",311,"Obaria",10,"fisheries",NA,NA,1,"Y","borehole","Lake water is fresh and borehole salty",1,1,1,0,0,0,3,0,1,0,0,1,"Lake water is dirty","Y","N","Considering the distance","Y","Lake water is dirty","N",0,0,0,0,0,"",""
"312",312,"Obaria",4,"fisheries",NA,NA,1,"N","none","N/A",0,0,1,0,0,0,1,0,1,0,0,1,"Lake water is prone to diseases","Y","Y","N/A","Y","Lake water is prone to diseases","Y",0,1,0,0,0,"by shore on foot","N"
"313",313,"Obaria",7,"fisheries",NA,NA,1,"Y","borehole","Other sources are far",0,1,1,0,0,0,2,0,1,0,0,1,"The water is not clean","N","Y","N/A","Y","The water is not clean","Y",0,1,0,1,0,"by shore on foot","Y"
"314",314,"Obaria",6,"fisheries",NA,NA,1,"Y","borehole","Other sources are far",0,0,1,0,0,0,1,0,1,0,0,1,"Sometimes the Lake water is dirty","N","N","Deep where there is no water hyacinth","Y","Sometimes the Lake water is dirty","Y",0,1,0,0,0,"by shore on foot","Y"
"315",315,"Obaria",3,"fisheries",NA,NA,1,"Y","borehole","N/A",0,0,1,0,0,0,1,0,1,0,0,1,"It is dirty","Y","Y","N/A","Y","It is dirty","N",0,0,0,0,0,"",""
"316",316,"Obaria",10,"fisheries",NA,NA,1,"N","none","Lake water is salty",0,1,1,0,0,0,2,0,1,0,0,1,"It is dirty","Y","Y","Looking at the distance","Y","It is dirty","N",0,0,0,0,0,"",""
"317",317,"Obaria",7,"vendor",NA,NA,1,"Y","borehole","Distance from the Lake is far",1,0,0,0,0,0,1,0,1,0,1,2,"Borehole and tapped water are sufficient","Y","Y","N/A","Y","Borehole and tapped water are sufficient","N",0,0,0,0,0,"",""
"318",318,"Obaria",5,"fisheries",NA,NA,1,"Y","borehole","N/A",1,1,0,0,0,0,2,0,1,0,1,2,"It is dirty","Y","Y","N/A","Y","It is dirty","Y",0,0,0,0,1,"by shore on foot","N"
"319",319,"Obaria",7,"fisheries",NA,NA,1,"Y","borehole","Other sources are far",0,0,0,1,0,0,1,0,1,0,0,1,"It is dirty","N","Y","N/A","Y","It is dirty","N",0,0,0,0,0,"",""
"320",320,"Obaria",4,"fisheries",NA,NA,1,"Y","borehole","N/A",0,1,0,0,0,0,1,0,0,0,1,1,"Worried about the change of colour","Y","N","Through observing","Y","Worried about the change of colour","N",0,0,0,0,0,"",""
"321",321,"Obaria",6,"fisheries",NA,NA,1,"Y","borehole","Use borehole water only",1,0,0,0,0,0,1,0,1,0,0,1,"No other concern","N","Y","N/A","Y","No other concern","Y",0,0,0,0,1,"by shore on foot","Y"
"322",322,"Obaria",4,"fisheries",NA,NA,1,"N","none","N/A",1,1,0,0,0,0,2,0,1,0,0,1,"No other concern","Y","Y","N/A","Y","No other concern","N",0,0,0,0,0,"",""
"323",323,"Obaria",4,"fisheries",NA,NA,1,"N","none","N/A",1,0,0,0,0,0,1,0,1,0,0,1,"Poor water quality","Y","Y","N/A","Y","Poor water quality","N",0,0,0,0,0,"",""
"324",324,"Obaria",2,"business",NA,NA,1,"Y","borehole","N/A",0,0,0,1,0,0,1,0,1,0,0,1,"Poor water quality","Y","Y","N/A","Y","Poor water quality","N",0,0,0,0,0,"",""
"325",325,"Obaria",10,"other",NA,NA,1,"Y","borehole","N/A",0,1,0,0,0,0,1,0,0,0,1,1,"No other concern","Y","Y","Deep inside where water is clear","Y","No other concern","N",0,0,0,0,0,"",""
"326",326,"Obaria",5,"fisheries",NA,NA,1,"Y","borehole","N/A",1,0,0,0,0,0,1,1,0,0,0,1,"Do not trust the quality of Lake water","Y","N","Looking at a clean place","Y","Do not trust the quality of Lake water","N",0,0,0,0,0,"",""
"327",327,"Obaria",6,"fisheries",NA,NA,1,"Y","borehole","N/A",1,1,0,0,0,0,2,0,1,0,0,1,"Poor water quality","Y","Y","N/A","Y","Poor water quality","N",0,0,0,0,0,"",""
"328",328,"Obaria",11,"farm",NA,NA,1,"Y","borehole","Owners of borehole are mean",1,0,0,0,0,0,1,0,1,0,0,1,"Poor water quality","Y","Y","Looking for clean place","N","Poor water quality","Y",0,1,0,0,0,"by shore on foot","N"
"329",329,"Obaria",8,"fisheries",NA,NA,1,"Y","borehole","Other sources are far",1,1,0,0,0,0,2,0,1,0,0,1,"Poor water quality","N","N","Looking at the distance","Y","Poor water quality","Y",0,0,0,1,0,"children","Y"
"330",330,"Obaria",10,"fisheries",NA,NA,1,"Y","borehole","Has no difficulty going fetch from other places",1,1,0,0,0,0,2,0,1,0,1,2,"Poor water quality","Y","N","Looking for a clean place","Y","Poor water quality","Y",0,1,0,0,0,"children","N"
"331",331,"Obaria",8,"fisheries",NA,NA,1,"Y","borehole","Has enough water",1,0,0,0,0,0,1,0,1,0,0,1,"Poor water quality","Y","N","Looking for clean place","Y","Poor water quality","Y",0,1,0,0,0,"children","Y"
"332",332,"Obaria",7,"fisheries",NA,NA,1,"Y","borehole","N/A",1,1,0,0,0,0,2,0,1,0,0,1,"Poor water quality","N","N","Looking for clean place","Y","Poor water quality","N",0,0,0,0,0,"",""
"333",333,"Obaria",9,"fisheries",NA,NA,1,"Y","borehole","N/A",1,0,0,0,0,0,1,0,1,0,0,1,"Poor water quality","N","N","Looking for clean place","N","Poor water quality","Y",0,1,0,0,0,"by shore on foot","N"
"334",334,"Obaria",3,"fisheries",NA,NA,1,"Y","borehole","Other sources are far",0,1,0,0,0,0,1,0,1,0,0,1,"Has no problem with water after treating","Y","N","Looking for clean place","Y","Has no problem with water after treating","Y",0,1,0,0,0,"by shore on foot","Y"
"335",335,"Obaria",7,"fisheries",NA,NA,1,"Y","borehole","Has no problem fetching water to other villages",1,1,0,0,0,0,2,0,1,0,0,1,"Poor water quality","Y","N","Serching for a clean place","Y","Poor water quality","Y",0,0,0,1,0,"children","Y"
"336",336,"Obaria",6,"business",NA,NA,1,"Y","borehole","Access to other boreholes not easy",0,1,0,0,0,0,1,0,1,0,0,1,"Poor water quality","Y","N","Looking for clean place","Y","Poor water quality","Y",0,0,0,1,0,"children","Y"
"337",337,"Obaria",4,"fisheries",NA,NA,1,"N","none","N/A",0,1,0,0,0,0,1,0,1,0,0,1,"Borehole water dry up during drought is amajor concern","N","N","N/A","Y","Borehole water dry up during drought is amajor concern","Y",0,1,0,0,0,"children","N"
"338",338,"Obaria",8,"farm",NA,NA,1,"Y","borehole","N/A",1,1,0,0,0,0,2,1,0,0,0,1,"No trust about the water","N","N","Looking for clean place","Y","No trust about the water","N",0,0,0,0,0,"",""
"339",339,"Obaria",2,"fisheries",NA,NA,1,"Y","borehole","N/A",0,0,1,0,0,0,1,1,0,0,0,1,"Poor water quality","N","Y","N/A","Y","Poor water quality","N",0,0,0,0,0,"",""
"340",340,"Obaria",3,"professional","farm",NA,2,"N","none","N/A",0,1,0,0,0,0,1,0,1,0,0,1,"Poor water quality","N","N","Looking for clean place","Y","Poor water quality","N",0,0,0,0,0,"",""
"341",341,"Obaria",6,"professional",NA,NA,1,"Y","borehole","Other sources are sold",1,1,0,0,0,0,2,0,1,0,0,1,"Poor water quality","N","Y","N/A","Y","Poor water quality","N",0,0,0,0,0,"",""
"342",342,"Obaria",5,"farm",NA,NA,1,"Y","borehole","N/A",0,1,0,0,0,0,1,0,1,0,0,1,"Poor water quality","Y","N","Looking for a clean place where there isclean water","Y","Poor water quality","N",0,0,0,0,0,"",""
"343",343,"Obaria",6,"farm",NA,NA,1,"Y","borehole","N/A",1,1,0,0,0,0,2,0,1,0,0,1,"Poor water quality","N","N","Looking for clean place","Y","Poor water quality","N",0,0,0,0,0,"",""
"344",344,"Obaria",2,"fisheries",NA,NA,1,"Y","borehole","N/A",1,0,0,0,0,0,1,0,1,0,0,1,"Poor water quality","N","Y","N/A","Y","Poor water quality","N",0,0,0,0,0,"",""
"345",345,"Obaria",6,"other",NA,NA,1,"N","none","N/A",1,1,0,0,0,0,2,0,1,0,0,1,"Poor water quality","N","Y","N/A","Y","Poor water quality","N",0,0,0,0,0,"",""
"346",346,"Obaria",6,"business",NA,NA,1,"Y","borehole","N/A",1,1,0,0,0,0,2,0,1,0,0,1,"Poor water quality","N","N","Looking for clean place","Y","Poor water quality","N",0,0,0,0,0,"",""
"347",347,"Obaria",5,"fisheries",NA,NA,1,"N","none","N/A",0,1,0,0,0,0,1,0,1,0,0,1,"Poor water quality","Y","Y","N/A","Y","Poor water quality","Y",0,1,0,0,0,"children","Y"
"348",348,"Obaria",7,"fisheries",NA,NA,1,"Y","borehole","Borehole is safer than Lake water",0,1,0,0,0,0,1,0,1,0,0,1,"Poor water quality","Y","Y","N/A","Y","Poor water quality","N",0,0,0,0,0,"",""
"349",349,"Mainuga",7,"vendor",NA,NA,1,"N","none","",1,0,0,0,0,0,1,0,1,0,0,1,"It is not healthy","Y","Y","Fetch water from one place","Y","","N",0,0,0,0,0,"",""
"350",350,"Mainuga",7,"fisheries",NA,NA,1,"N","none","The distance to other sources is far",0,1,0,0,0,0,1,0,1,0,0,1,"It is not good","Y","Y","Fetch water from one place","Y","","N",0,0,0,0,0,"",""
"351",351,"Mainuga",6,"farm",NA,NA,1,"N","none","None",1,0,0,0,0,0,1,1,1,0,0,2,"The Lake water is not clean","N","Y","","Y","","N",0,0,0,0,0,"",""
"352",352,"Mainuga",8,"fisheries",NA,NA,1,"N","none","None",1,1,0,0,0,0,2,0,1,0,0,1,"The water is dirty","Y","Y","Fetch water from one place","Y","","N",0,0,0,0,0,"",""
"353",353,"Mainuga",10,"business",NA,NA,1,"N","none","None",1,1,0,0,0,0,2,0,1,0,0,1,"It is not healthy","Y","Y","Fetch water from one place","Y","","N",0,0,0,0,0,"",""
"354",354,"Mainuga",7,"fisheries",NA,NA,1,"N","none","None",1,0,0,0,0,0,1,0,1,0,0,1,"It is dirty","N","Y","Use one source","Y","","N",0,0,0,0,0,"",""
"355",355,"Mainuga",5,"fisheries",NA,NA,1,"N","none","None",1,0,0,0,0,0,1,0,1,0,0,1,"The water is not quality","N","Y","Use one source","Y","","N",0,0,0,0,0,"",""
"356",356,"Mainuga",7,"fisheries",NA,NA,1,"Y","tap","Tap water is near",1,0,0,0,0,0,1,0,1,0,0,1,"No concerns","N","","Use one source","Y","","N",0,0,0,0,0,"",""
"357",357,"Mainuga",7,"fisheries",NA,NA,1,"N","tap","None",1,0,0,0,0,0,1,0,1,0,0,1,"No concerns","N","","The water is clean","N","","N",0,0,0,0,0,"",""
"358",358,"Mainuga",6,"fisheries",NA,NA,1,"N","rain","None",1,0,0,0,0,0,1,0,1,0,0,1,"It is dirty","N","N","Just choose where I like","Y","","N",0,0,0,0,0,"",""
"359",359,"Mainuga",4,"fisheries",NA,NA,1,"N","none","None",1,0,0,0,0,0,1,0,1,0,0,1,"It is not of good quality","Y","Y","Fetch fro the same place","Y","","N",0,0,0,0,0,"",""
"360",360,"Mainuga",5,"fisheries",NA,NA,1,"N","none","None",1,0,0,0,0,0,1,0,1,0,0,1,"Have no trust over the water","Y","Y","Use one source","Y","","N",0,0,0,0,0,"",""
"361",361,"Mainuga",6,"fisheries",NA,NA,1,"N","none","None",1,0,0,0,0,0,1,0,1,0,0,1,"Poor quality","Y","Y","Use one source","Y","","N",0,0,0,0,0,"",""
"362",362,"Mainuga",9,"fisheries",NA,NA,1,"N","none","None",0,1,0,0,0,0,1,0,1,0,0,1,"Poor quality","N","Y","Use one source","Y","","N",0,0,0,0,0,"",""
"363",363,"Mainuga",3,"vendor",NA,NA,1,"N","none","None",0,1,0,0,0,0,1,0,1,0,0,1,"Poor quality","Y","Y","Use one source","Y","","N",0,0,0,0,0,"",""
"364",364,"Mainuga",5,"vendor",NA,NA,1,"N","none","None",0,1,0,0,0,0,1,0,1,0,0,1,"Feels ok after treating it","Y","Y","Use one source","Y","","N",0,0,0,0,0,"",""
"365",365,"Mainuga",3,"fisheries",NA,NA,1,"N","none","None",0,1,0,0,0,0,1,0,1,0,0,1,"No concerns","Y","Y","Use one source","Y","","N",0,0,0,0,0,"",""
"366",366,"Mainuga",2,"vendor",NA,NA,1,"N","none","None",0,1,0,0,0,0,1,0,0,0,1,1,"No concerns","Y","Y","","Y","","N",0,0,0,0,0,"",""
"367",367,"Mainuga",1,"vendor",NA,NA,1,"N","none","None",0,1,0,0,0,0,1,0,1,0,0,1,"No concerns","Y","Y","Use one source","Y","","N",0,0,0,0,0,"",""
"368",368,"Mainuga",2,"vendor",NA,NA,1,"N","none","None",0,1,0,0,0,0,1,0,1,0,0,1,"No concerns","Y","N","","Y","","N",0,0,0,0,0,"",""
"369",369,"Mainuga",7,"fisheries",NA,NA,1,"N","none","None",0,1,0,0,0,0,1,1,0,0,0,1,"Poor quality","Y","Y","Use one source","N","","N",0,0,0,0,0,"",""
"370",370,"Mainuga",3,"fisheries",NA,NA,1,"N","none","None",0,1,0,0,0,0,1,0,1,0,0,1,"No concerns","N","N","Depends when the weather is clear","N","","N",0,0,0,0,0,"",""
"371",371,"Mainuga",5,"fisheries",NA,NA,1,"N","none","None",0,0,0,0,0,1,1,0,1,0,0,1,"Should be treated","N","N","Use only tapped water","Y","","N",0,0,0,0,0,"",""
"372",372,"Mainuga",2,"fisheries",NA,NA,1,"N","none","None",1,0,0,0,0,0,1,0,1,0,0,1,"Lake water should be treated","N","Y","Use one source","Y","","N",0,0,0,0,0,"",""
"373",373,"Mainuga",7,"fisheries",NA,NA,1,"N","rain","None",1,0,0,0,0,0,1,0,1,0,0,1,"Poor quality","Y","Y","Use one source","Y","","Y",0,0,0,0,1,"children","N"
"374",374,"Mainuga",4,"fisheries",NA,NA,1,"Y","borehole","The distance to other sources is far",0,0,0,0,0,1,1,0,0,0,0,0,"","N","Y","","Y","","N",0,0,0,0,0,"",""
"375",375,"Mainuga",7,"fisheries",NA,NA,1,"Y","borehole","None",1,0,0,0,0,0,1,0,1,0,0,1,"Poor quality","N","Y","Depends on the direction of wind","Y","","N",0,0,0,0,0,"",""
"376",376,"Mainuga",7,"fisheries",NA,NA,1,"N","none","Distance coverd is too long",1,0,0,0,0,0,1,1,0,0,0,1,"Poor quality","N","Y","","Y","","N",0,0,0,0,0,"",""
"377",377,"Mainuga",10,"fisheries",NA,NA,1,"Y","rain","None",0,1,0,0,0,0,1,0,1,0,0,1,"","N","N","","Y","","N",0,0,0,0,0,"",""
"378",378,"Mainuga",3,"fisheries",NA,NA,1,"N","none","None",0,1,0,0,0,0,1,1,0,0,0,1,"Poor quality","N","Y","","Y","","N",0,0,0,0,0,"",""
"379",379,"Mainuga",5,"fisheries",NA,NA,1,"N","none","Distance coverd is too long",0,1,0,0,0,0,1,0,1,0,0,1,"water is full of blooms and water hyacinth","Y","N","Looking for a clean place","Y","","Y",0,0,0,0,0,"children","Y"
"380",380,"Mainuga",5,"fisheries",NA,NA,1,"N","none","Distance coverd is too long",1,0,0,0,0,0,1,0,1,0,0,1,"Poor quality","Y","N","Looking for a clean place","Y","","Y",0,0,0,0,0,"purchase","Y"
"381",381,"Mainuga",6,"fisheries",NA,NA,1,"N","none","Lack of money to buy water from the sold sources",1,0,0,0,0,0,1,0,1,0,0,1,"Has doubt with water","N","Y","","Y","","Y",0,0,0,0,0,"by foot","Y"
"382",382,"Mainuga",6,"fisheries",NA,NA,1,"N","none","Distance coverd is too long",1,0,0,0,0,0,1,0,0,0,0,0,"Poor quality","N","N","Looking for a clean place","Y","","N",0,0,0,0,0,"",""
"383",383,"Mainuga",6,"vendor",NA,NA,1,"N","none","Distance coverd is too long",1,0,0,0,0,0,1,0,1,0,0,1,"Poor quality","Y","N","Looking for a clean place","Y","","N",0,0,0,0,0,"",""
"384",384,"Mainuga",3,"other",NA,NA,1,"N","none","Distance coverd is too long",1,0,0,0,0,0,1,0,1,0,0,1,"Poor quality","N","N","Looking for a clean place","Y","","Y",0,0,0,0,0,"by foot","Y"
"385",385,"Mainuga",5,"vendor",NA,NA,1,"N","none","Distance coverd is too long",1,0,0,0,0,0,1,0,1,0,0,1,"Poor quality","N","N","Looking for a clean place","Y","","Y",0,0,0,0,0,"by foot","Y"
"386",386,"Mainuga",10,"fisheries",NA,NA,1,"N","none","None",1,0,0,0,0,0,1,0,1,0,0,1,"Poor quality","N","N","Looking for a clean place","Y","","N",0,0,0,0,0,"",""
"387",387,"Mainuga",3,"fisheries",NA,NA,1,"N","none","Distance coverd is too long",1,0,0,0,0,0,1,0,1,0,0,1,"Poor quality","Y","N","Looking for a clean place","Y","","Y",0,0,0,0,0,"children","Y"
"388",388,"Mainuga",8,"fisheries",NA,NA,1,"N","none","Distance coverd is too long",1,0,0,0,0,0,1,0,1,0,0,1,"No concerns","N","N","Looking for a clean place","Y","","N",0,0,0,0,0,"",""
"389",389,"Mainuga",10,"other",NA,NA,1,"N","none","Distance coverd is too long",1,1,0,0,0,0,2,0,0,0,0,0,"Poor quality","Y","Y","","Y","","N",0,0,0,0,0,"",""
"390",390,"Mainuga",4,"vendor",NA,NA,1,"N","none","None",1,0,0,0,0,0,1,1,0,0,0,1,"Poor quality","N","Y","","Y","","N",0,0,0,0,0,"",""
"391",391,"Mainuga",7,"fisheries",NA,NA,1,"N","none","None",1,0,0,0,0,0,1,0,1,0,0,1,"Poor quality","Y","Y","","Y","","N",0,0,0,0,0,"",""
"392",392,"Mainuga",4,"other",NA,NA,1,"N","none","Distance coverd is too long",0,0,0,0,0,1,1,0,1,0,0,1,"Poor quality","Y","Y","","Y","","N",0,0,0,0,0,"",""
"393",393,"Mainuga",5,"vendor",NA,NA,1,"Y","rain","None",1,1,0,0,0,0,2,0,1,0,0,1,"Poor quality","Y","Y","","Y","","N",0,0,0,0,0,"",""
"394",394,"Mainuga",4,"fisheries",NA,NA,1,"Y","tap","None",1,0,0,0,0,0,1,0,1,0,0,1,"Poor quality","Y","Y","","Y","","N",0,0,0,0,0,"",""
"395",395,"Mainuga",11,"fisheries",NA,NA,1,"Y","rain","Other sources expensive",1,0,0,0,0,0,1,0,1,0,0,1,"Poor quality","Y","Y","","Y","","N",0,0,0,0,0,"",""
"396",396,"Mainuga",7,"fisheries",NA,NA,1,"Y","rain","None",1,0,0,0,0,0,1,0,1,0,0,1,"Poor quality","Y","Y","","Y","","N",0,0,0,0,0,"",""
"397",397,"Mainuga",10,"fisheries",NA,NA,1,"N","none","None",1,1,0,0,0,0,2,1,0,0,0,1,"Poor quality","N","N","Looking for a clean place","Y","","N",0,0,0,0,0,"",""
"398",398,"Mainuga",4,"fisheries",NA,NA,1,"N","none","",1,1,0,0,0,0,2,0,1,0,0,1,"","Y","Y","","Y","","N",0,0,0,0,0,"",""
